CCAA,FECHA,CASOS,PCR+,TestAc+,Hospitalizados,UCI,Fallecidos,New_Hosp,New_UCI,New_Fallecidos
AN,20/2/2020,0,0,,,,,,,
AR,20/2/2020,0,0,,,,,,,
AS,20/2/2020,0,0,,,,,,,
IB,20/2/2020,0,1,,,,,,,
CN,20/2/2020,0,1,,,,,,,
CB,20/2/2020,0,0,,,,,,,
CM,20/2/2020,0,0,,,,,,,
CL,20/2/2020,0,0,,,,,,,
CT,20/2/2020,0,0,,,,,,,
VC,20/2/2020,26,0,,26,0,,,,
EX,20/2/2020,0,0,,,,,,,
GA,20/2/2020,0,0,,,,,,,
MD,20/2/2020,0,1,,,,,,,
MC,20/2/2020,0,0,,,,,,,
NC,20/2/2020,0,0,,,,,,,
PV,20/2/2020,0,0,,,,,,,
RI,20/2/2020,0,0,,,,,,,
CE,20/2/2020,0,0,,,,,,,
ML,20/2/2020,0,0,,,,,,,
AN,21/2/2020,0,0,,,,,0,0,0
AR,21/2/2020,0,0,,,,,0,0,0
AS,21/2/2020,0,0,,,,,0,0,0
IB,21/2/2020,0,1,,,,,0,0,0
CN,21/2/2020,0,1,,,,,0,0,0
CB,21/2/2020,0,0,,,,,0,0,0
CM,21/2/2020,0,0,,,,,0,0,0
CL,21/2/2020,0,0,,,,,0,0,0
CT,21/2/2020,0,0,,,,,0,0,0
VC,21/2/2020,31,0,,30,1,,4,1,0
EX,21/2/2020,0,0,,,,,0,0,0
GA,21/2/2020,0,0,,,,,0,0,0
MD,21/2/2020,0,1,,,,,0,0,0
MC,21/2/2020,0,0,,,,,0,0,0
NC,21/2/2020,0,0,,,,,0,0,0
PV,21/2/2020,0,0,,,,,0,0,0
RI,21/2/2020,0,0,,,,,0,0,0
CE,21/2/2020,0,0,,,,,0,0,0
ML,21/2/2020,0,0,,,,,0,0,0
AN,22/2/2020,0,0,,,,,0,0,0
AR,22/2/2020,0,0,,,,,0,0,0
AS,22/2/2020,0,0,,,,,0,0,0
IB,22/2/2020,0,1,,,,,0,0,0
CN,22/2/2020,0,1,,,,,0,0,0
CB,22/2/2020,0,0,,,,,0,0,0
CM,22/2/2020,0,0,,,,,0,0,0
CL,22/2/2020,0,0,,,,,0,0,0
CT,22/2/2020,0,0,,,,,0,0,0
VC,22/2/2020,34,0,,33,1,,3,0,0
EX,22/2/2020,0,0,,,,,0,0,0
GA,22/2/2020,0,0,,,,,0,0,0
MD,22/2/2020,0,1,,,,,0,0,0
MC,22/2/2020,0,0,,,,,0,0,0
NC,22/2/2020,0,0,,,,,0,0,0
PV,22/2/2020,0,0,,,,,0,0,0
RI,22/2/2020,0,0,,,,,0,0,0
CE,22/2/2020,0,0,,,,,0,0,0
ML,22/2/2020,0,0,,,,,0,0,0
AN,23/2/2020,0,0,,,,,0,0,0
AR,23/2/2020,0,0,,,,,0,0,0
AS,23/2/2020,0,0,,,,,0,0,0
IB,23/2/2020,0,1,,,,,0,0,0
CN,23/2/2020,0,1,,,,,0,0,0
CB,23/2/2020,0,0,,,,,0,0,0
CM,23/2/2020,0,0,,,,,0,0,0
CL,23/2/2020,0,0,,,,,0,0,0
CT,23/2/2020,0,0,,,,,0,0,0
VC,23/2/2020,40,0,,38,2,,5,1,0
EX,23/2/2020,0,0,,,,,0,0,0
GA,23/2/2020,0,0,,,,,0,0,0
MD,23/2/2020,0,1,,,,,0,0,0
MC,23/2/2020,0,0,,,,,0,0,0
NC,23/2/2020,0,0,,,,,0,0,0
PV,23/2/2020,0,0,,,,,0,0,0
RI,23/2/2020,0,0,,,,,0,0,0
CE,23/2/2020,0,0,,,,,0,0,0
ML,23/2/2020,0,0,,,,,0,0,0
AN,24/2/2020,0,0,,,,,0,0,0
AR,24/2/2020,0,0,,,,,0,0,0
AS,24/2/2020,0,0,,,,,0,0,0
IB,24/2/2020,0,1,,,,,0,0,0
CN,24/2/2020,0,2,,,,,0,0,0
CB,24/2/2020,0,0,,,,,0,0,0
CM,24/2/2020,0,0,,,,,0,0,0
CL,24/2/2020,0,0,,,,,0,0,0
CT,24/2/2020,0,0,,,,,0,0,0
VC,24/2/2020,51,0,,49,2,,11,0,0
EX,24/2/2020,0,0,,,,,0,0,0
GA,24/2/2020,0,0,,,,,0,0,0
MD,24/2/2020,0,1,,,,,0,0,0
MC,24/2/2020,0,0,,,,,0,0,0
NC,24/2/2020,0,0,,,,,0,0,0
PV,24/2/2020,0,0,,,,,0,0,0
RI,24/2/2020,0,0,,,,,0,0,0
CE,24/2/2020,0,0,,,,,0,0,0
ML,24/2/2020,0,0,,,,,0,0,0
AN,25/2/2020,0,0,,,,,0,0,0
AR,25/2/2020,0,0,,,,,0,0,0
AS,25/2/2020,0,0,,,,,0,0,0
IB,25/2/2020,0,1,,,,,0,0,0
CN,25/2/2020,0,5,,,,,0,0,0
CB,25/2/2020,0,0,,,,,0,0,0
CM,25/2/2020,0,0,,,,,0,0,0
CL,25/2/2020,0,0,,,,,0,0,0
CT,25/2/2020,0,1,,,,,0,0,0
VC,25/2/2020,60,1,,58,2,,9,0,0
EX,25/2/2020,0,0,,,,,0,0,0
GA,25/2/2020,0,0,,,,,0,0,0
MD,25/2/2020,0,2,,,,,0,0,0
MC,25/2/2020,0,0,,,,,0,0,0
NC,25/2/2020,0,0,,,,,0,0,0
PV,25/2/2020,0,0,,,,,0,0,0
RI,25/2/2020,0,0,,,,,0,0,0
CE,25/2/2020,0,0,,,,,0,0,0
ML,25/2/2020,0,0,,,,,0,0,0
AN,26/2/2020,0,1,,,,,0,0,0
AR,26/2/2020,0,0,,,,,0,0,0
AS,26/2/2020,0,0,,,,,0,0,0
IB,26/2/2020,0,1,,,,,0,0,0
CN,26/2/2020,0,6,,,,,0,0,0
CB,26/2/2020,0,0,,,,,0,0,0
CM,26/2/2020,0,0,,,,,0,0,0
CL,26/2/2020,0,0,,,,,0,0,0
CT,26/2/2020,0,2,,,,,0,0,0
VC,26/2/2020,66,2,,63,3,,5,1,0
EX,26/2/2020,0,0,,,,,0,0,0
GA,26/2/2020,0,0,,,,,0,0,0
MD,26/2/2020,0,6,,,,,0,0,0
MC,26/2/2020,0,0,,,,,0,0,0
NC,26/2/2020,0,0,,,,,0,0,0
PV,26/2/2020,0,0,,,,,0,0,0
RI,26/2/2020,0,0,,,,,0,0,0
CE,26/2/2020,0,0,,,,,0,0,0
ML,26/2/2020,0,0,,,,,0,0,0
AN,27/2/2020,0,6,,,,,0,0,0
AR,27/2/2020,0,0,,,,,0,0,0
AS,27/2/2020,0,0,,,,,0,0,0
IB,27/2/2020,0,1,,,,,0,0,0
CN,27/2/2020,0,6,,,,,0,0,0
CB,27/2/2020,0,0,,,,,0,0,0
CM,27/2/2020,0,0,,,,,0,0,0
CL,27/2/2020,0,2,,,,,0,0,0
CT,27/2/2020,0,3,,,,,0,0,0
VC,27/2/2020,76,8,,73,3,,10,0,0
EX,27/2/2020,0,0,,,,,0,0,0
GA,27/2/2020,0,0,,,,,0,0,0
MD,27/2/2020,0,10,,,,,0,0,0
MC,27/2/2020,0,0,,,,,0,0,0
NC,27/2/2020,0,0,,,,,0,0,0
PV,27/2/2020,0,0,,,,,0,0,0
RI,27/2/2020,0,0,,,,,0,0,0
CE,27/2/2020,0,0,,,,,0,0,0
ML,27/2/2020,0,0,,,,,0,0,0
AN,28/2/2020,0,8,,,,,0,0,0
AR,28/2/2020,0,0,,,,,0,0,0
AS,28/2/2020,0,0,,,,,0,0,0
IB,28/2/2020,0,2,,,,,0,0,0
CN,28/2/2020,0,6,,,,,0,0,0
CB,28/2/2020,0,0,,,,,0,0,0
CM,28/2/2020,0,0,,,,,0,0,0
CL,28/2/2020,0,2,,,,,0,0,0
CT,28/2/2020,0,5,,,,,0,0,0
VC,28/2/2020,81,10,,78,3,,5,0,0
EX,28/2/2020,0,0,,,,,0,0,0
GA,28/2/2020,0,0,,,,,0,0,0
MD,28/2/2020,0,20,,,,,0,0,0
MC,28/2/2020,0,0,,,,,0,0,0
NC,28/2/2020,0,0,,,,,0,0,0
PV,28/2/2020,0,2,,,,,0,0,0
RI,28/2/2020,0,0,,,,,0,0,0
CE,28/2/2020,0,0,,,,,0,0,0
ML,28/2/2020,0,0,,,,,0,0,0
AN,29/2/2020,0,12,,,,,0,0,0
AR,29/2/2020,0,0,,,,,0,0,0
AS,29/2/2020,1,1,,0,1,0,0,1,0
IB,29/2/2020,0,2,,,,,0,0,0
CN,29/2/2020,0,7,,,,,0,0,0
CB,29/2/2020,0,1,,,,,0,0,0
CM,29/2/2020,0,1,,,,,0,0,0
CL,29/2/2020,0,3,,,,,0,0,0
CT,29/2/2020,0,6,,,,,0,0,0
VC,29/2/2020,88,15,,85,3,,7,0,0
EX,29/2/2020,0,4,,,,,0,0,0
GA,29/2/2020,0,0,,,,,0,0,0
MD,29/2/2020,0,27,,,,,0,0,0
MC,29/2/2020,0,0,,,,,0,0,0
NC,29/2/2020,0,1,,,,,0,0,0
PV,29/2/2020,0,3,,,,,0,0,0
RI,29/2/2020,0,0,,,,,0,0,0
CE,29/2/2020,0,0,,,,,0,0,0
ML,29/2/2020,0,0,,,,,0,0,0
AN,1/3/2020,0,12,,,,,0,0,0
AR,1/3/2020,0,0,,,,,0,0,0
AS,1/3/2020,1,1,,0,1,0,0,0,0
IB,1/3/2020,0,2,,,,,0,0,0
CN,1/3/2020,0,7,,,,,0,0,0
CB,1/3/2020,0,10,,,,,0,0,0
CM,1/3/2020,0,3,,,,,0,0,0
CL,1/3/2020,0,3,,,,,0,0,0
CT,1/3/2020,0,15,,,,,0,0,0
VC,1/3/2020,91,15,,88,3,,3,0,0
EX,1/3/2020,0,6,,,,,0,0,0
GA,1/3/2020,0,0,,,,,0,0,0
MD,1/3/2020,0,53,,,,,0,0,0
MC,1/3/2020,0,0,,,,,0,0,0
NC,1/3/2020,0,1,,,,,0,0,0
PV,1/3/2020,0,9,,,,,0,0,0
RI,1/3/2020,0,1,,,,,0,0,0
CE,1/3/2020,0,0,,,,,0,0,0
ML,1/3/2020,0,0,,,,,0,0,0
AN,2/3/2020,0,12,,,,,0,0,0
AR,2/3/2020,0,0,,,,,0,0,0
AS,2/3/2020,2,1,,1,1,0,1,0,0
IB,2/3/2020,0,2,,,,,0,0,0
CN,2/3/2020,0,7,,,,,0,0,0
CB,2/3/2020,0,10,,,,,0,0,0
CM,2/3/2020,0,7,,,,,0,0,0
CL,2/3/2020,0,8,,,,,0,0,0
CT,2/3/2020,0,15,,,,,0,0,0
VC,2/3/2020,96,15,,93,3,,5,0,0
EX,2/3/2020,0,6,,,,,0,0,0
GA,2/3/2020,0,0,,,,,0,0,0
MD,2/3/2020,0,96,,,,,0,0,0
MC,2/3/2020,0,0,,,,,0,0,0
NC,2/3/2020,0,1,,,,,0,0,0
PV,2/3/2020,0,13,,,,,0,0,0
RI,2/3/2020,0,2,,,,,0,0,0
CE,2/3/2020,0,0,,,,,0,0,0
ML,2/3/2020,0,0,,,,,0,0,0
AN,3/3/2020,0,12,,,,,0,0,0
AR,3/3/2020,0,0,,,,,0,0,0
AS,3/3/2020,2,2,,1,1,0,0,0,0
IB,3/3/2020,0,5,,,,,0,0,0
CN,3/3/2020,0,7,,,,,0,0,0
CB,3/3/2020,0,10,,,,,0,0,0
CM,3/3/2020,0,12,,,,,0,0,0
CL,3/3/2020,0,11,,,,,0,0,0
CT,3/3/2020,0,15,,,,,0,0,0
VC,3/3/2020,110,19,,105,5,,12,2,0
EX,3/3/2020,0,6,,,,,0,0,0
GA,3/3/2020,0,1,,,,,0,0,0
MD,3/3/2020,0,142,,,,,0,0,0
MC,3/3/2020,0,0,,,,,0,0,0
NC,3/3/2020,0,3,,,,,0,0,0
PV,3/3/2020,0,17,,,,,0,0,0
RI,3/3/2020,0,7,,,,,0,0,0
CE,3/3/2020,0,0,,,,,0,0,0
ML,3/3/2020,0,0,,,,,0,0,0
AN,4/3/2020,0,12,,,,,0,0,0
AR,4/3/2020,0,1,,,,,0,0,0
AS,4/3/2020,2,4,,1,1,0,0,0,0
IB,4/3/2020,0,6,,,,,0,0,0
CN,4/3/2020,0,8,,,,,0,0,0
CB,4/3/2020,0,10,,,,,0,0,0
CM,4/3/2020,0,13,,,,,0,0,0
CL,4/3/2020,0,11,,,,,0,0,0
CT,4/3/2020,0,24,,,,,0,0,0
VC,4/3/2020,123,19,,117,6,,12,1,0
EX,4/3/2020,0,6,,,,,0,0,0
GA,4/3/2020,0,1,,,,,0,0,0
MD,4/3/2020,0,199,,,,,0,0,0
MC,4/3/2020,0,0,,,,,0,0,0
NC,4/3/2020,0,3,,,,,0,0,0
PV,4/3/2020,0,17,,,,,0,0,0
RI,4/3/2020,0,17,,,,,0,0,0
CE,4/3/2020,0,0,,,,,0,0,0
ML,4/3/2020,0,0,,,,,0,0,0
AN,5/3/2020,0,21,,,,,0,0,0
AR,5/3/2020,0,1,,,,,0,0,0
AS,5/3/2020,5,4,,4,1,0,3,0,0
IB,5/3/2020,0,6,,,,,0,0,0
CN,5/3/2020,0,11,,,,,0,0,0
CB,5/3/2020,0,10,,,,,0,0,0
CM,5/3/2020,0,15,,,,,0,0,0
CL,5/3/2020,0,14,,,,,0,0,0
CT,5/3/2020,0,24,,,,,0,0,0
VC,5/3/2020,138,30,,130,8,,13,2,0
EX,5/3/2020,0,6,,,,,0,0,0
GA,5/3/2020,0,3,,,,,0,0,0
MD,5/3/2020,0,311,,,,,0,0,0
MC,5/3/2020,0,0,,,,,0,0,0
NC,5/3/2020,0,3,,,,,0,0,0
PV,5/3/2020,0,45,,,,,0,0,0
RI,5/3/2020,0,29,,,,,0,0,0
CE,5/3/2020,0,0,,,,,0,0,0
ML,5/3/2020,0,0,,,,,0,0,0
AN,6/3/2020,0,27,,,,,0,0,0
AR,6/3/2020,0,5,,,,,0,0,0
AS,6/3/2020,5,7,,4,1,0,0,0,0
IB,6/3/2020,0,6,,,,,0,0,0
CN,6/3/2020,0,11,,,,,0,0,0
CB,6/3/2020,0,10,,,,,0,0,0
CM,6/3/2020,0,15,,,,,0,0,0
CL,6/3/2020,0,14,,,,,0,0,0
CT,6/3/2020,0,24,,,,,0,0,0
VC,6/3/2020,146,30,,138,8,,8,0,0
EX,6/3/2020,0,6,,,,,0,0,0
GA,6/3/2020,0,3,,,,,0,0,0
MD,6/3/2020,0,515,,,,,0,0,0
MC,6/3/2020,0,0,,,,,0,0,0
NC,6/3/2020,0,3,,,,,0,0,0
PV,6/3/2020,0,45,,,,,0,0,0
RI,6/3/2020,0,47,,,,,0,0,0
CE,6/3/2020,0,0,,,,,0,0,0
ML,6/3/2020,0,0,,,,,0,0,0
AN,7/3/2020,0,34,,,,,0,0,0
AR,7/3/2020,0,5,,,,,0,0,0
AS,7/3/2020,5,8,,4,1,0,0,0,0
IB,7/3/2020,0,8,,,,,0,0,0
CN,7/3/2020,0,17,,,,,0,0,0
CB,7/3/2020,0,12,,,,,0,0,0
CM,7/3/2020,0,15,,,,,0,0,0
CL,7/3/2020,0,22,,,,,0,0,0
CT,7/3/2020,0,49,,,,,0,0,0
VC,7/3/2020,155,37,,146,9,,8,1,0
EX,7/3/2020,0,6,,,,,0,0,0
GA,7/3/2020,0,5,,,,,0,0,0
MD,7/3/2020,0,738,,,,,0,0,0
MC,7/3/2020,0,1,,,,,0,0,0
NC,7/3/2020,0,3,,,,,0,0,0
PV,7/3/2020,0,70,,,,,0,0,0
RI,7/3/2020,0,70,,,,,0,0,0
CE,7/3/2020,0,0,,,,,0,0,0
ML,7/3/2020,0,0,,,,,0,0,0
AN,8/3/2020,1,54,,,1,0,0,1,0
AR,8/3/2020,6,7,,,3,3,0,3,3
AS,8/3/2020,8,10,,7,1,0,3,0,0
IB,8/3/2020,1,11,,,1,0,0,1,0
CN,8/3/2020,0,22,,,0,0,0,0,0
CB,8/3/2020,0,12,,,0,0,0,0,0
CM,8/3/2020,23,26,,21,2,0,21,2,0
CL,8/3/2020,2,23,,,2,0,0,2,0
CT,8/3/2020,23,59,,16,5,2,16,5,2
VC,8/3/2020,163,37,,153,9,1,7,0,1
EX,8/3/2020,0,7,,,0,0,0,0,0
GA,8/3/2020,2,6,,,2,0,0,2,0
MD,8/3/2020,77,1003,,,61,16,0,61,16
MC,8/3/2020,0,4,,,0,0,0,0,0
NC,8/3/2020,1,3,,,1,0,0,1,0
PV,8/3/2020,11,149,,,5,6,0,5,6
CE,8/3/2020,0,0,,,0,0,0,0,0
ML,8/3/2020,0,0,,,0,0,0,0,0
AN,9/3/2020,1,71,,,1,0,0,1,0
AR,9/3/2020,7,30,,,3,4,0,2,4
AS,9/3/2020,12,15,,11,1,0,11,2,3
IB,9/3/2020,1,13,,,1,0,7,0,0
CN,9/3/2020,1,25,,,1,0,0,0,0
CB,9/3/2020,0,12,,,0,0,0,0,0
CM,9/3/2020,34,39,,31,3,0,31,3,0
CL,9/3/2020,2,56,,,2,0,21,0,0
CT,9/3/2020,40,82,,31,7,2,31,5,2
VC,9/3/2020,182,50,,171,10,1,155,5,1
EX,9/3/2020,0,8,,,0,0,153,9,1
GA,9/3/2020,2,22,,,2,0,0,2,0
MD,9/3/2020,141,1508,,,120,21,0,118,21
MC,9/3/2020,0,9,,,0,0,0,61,16
NC,9/3/2020,2,12,,,2,0,0,2,0
PV,9/3/2020,11,195,,,5,6,0,4,6
RI,8/3/2020,1,102,,,1,0,0,4,6
RI,9/3/2020,2,155,,,1,1,0,1,1
CE,9/3/2020,0,0,,,0,0,0,0,0
ML,9/3/2020,0,0,,,0,0,0,1,0
AN,10/3/2020,35,90,,32,3,0,32,0,4
AR,10/3/2020,29,38,,22,3,4,11,2,4
AS,10/3/2020,15,32,,13,2,0,13,1,0
IB,10/3/2020,9,16,,8,1,0,8,0,0
CN,10/3/2020,11,37,,10,1,0,10,1,0
CB,10/3/2020,0,12,,0,0,0,31,3,0
CM,10/3/2020,51,71,,46,5,0,46,3,0
CL,10/3/2020,29,71,,24,5,0,7,2,2
CT,10/3/2020,61,123,,50,8,3,121,2,2
VC,10/3/2020,213,65,,200,12,1,200,12,1
EX,10/3/2020,3,9,,1,1,1,1,1,1
GA,10/3/2020,9,35,,7,2,0,7,118,21
MD,10/3/2020,786,2213,,571,184,31,571,184,31
MC,10/3/2020,5,11,,5,0,0,5,2,0
NC,10/3/2020,13,46,,10,3,0,10,2,6
PV,10/3/2020,123,225,,102,15,6,102,14,6
RI,10/3/2020,16,185,,13,1,2,13,0,1
CE,10/3/2020,0,0,,0,0,0,0,0,0
ML,10/3/2020,0,0,,0,0,0,0,0,0
AN,11/3/2020,54,115,,50,4,0,18,1,0
AR,11/3/2020,37,45,,28,3,6,6,0,2
AS,11/3/2020,17,37,,15,2,0,2,0,0
IB,11/3/2020,11,22,,8,2,1,0,1,1
CN,11/3/2020,18,51,,15,3,0,5,2,0
CB,11/3/2020,3,16,,3,0,0,3,0,0
CM,11/3/2020,82,115,,72,9,1,26,4,1
CL,11/3/2020,32,92,,25,7,0,1,2,0
CT,11/3/2020,96,202,,74,16,6,24,8,3
VC,11/3/2020,248,76,,232,15,1,32,3,0
EX,11/3/2020,5,19,,3,1,1,2,0,0
GA,11/3/2020,9,35,,7,2,0,0,0,0
MD,11/3/2020,1162,2943,,868,238,56,297,54,25
MC,11/3/2020,6,26,,5,1,0,0,1,0
NC,11/3/2020,20,73,,17,3,0,7,0,0
PV,11/3/2020,175,346,,146,18,11,44,3,5
RI,11/3/2020,24,220,,21,1,2,8,0,0
CE,11/3/2020,0,0,,0,0,0,0,0,0
ML,11/3/2020,0,0,,0,0,0,0,0,0
AN,12/3/2020,100,219,,92,8,0,42,4,0
AR,12/3/2020,40,64,,30,3,7,2,0,1
AS,12/3/2020,21,40,,18,2,1,3,0,1
IB,12/3/2020,11,28,,8,2,1,0,0,0
CN,12/3/2020,18,70,,15,3,0,0,0,0
CB,12/3/2020,3,29,,3,0,0,0,0,0
CM,12/3/2020,143,194,,128,10,5,56,1,4
CL,12/3/2020,34,169,,25,8,1,0,1,1
CT,12/3/2020,168,349,,137,22,9,63,6,3
VC,12/3/2020,294,94,,271,22,1,39,7,0
EX,12/3/2020,5,39,,3,1,1,0,0,0
GA,12/3/2020,21,85,,15,6,0,8,4,0
MD,12/3/2020,1678,3732,,1290,307,81,422,69,25
MC,12/3/2020,10,35,,8,2,0,3,1,0
NC,12/3/2020,32,130,,28,4,0,11,1,0
PV,12/3/2020,213,417,,179,20,14,33,2,3
RI,12/3/2020,32,259,,27,2,3,6,1,1
CE,12/3/2020,0,0,,0,0,0,0,0,0
ML,12/3/2020,3,2,,3,0,0,3,0,0
AN,13/3/2020,102,269,,92,8,2,0,0,2
AR,13/3/2020,54,80,,42,5,7,12,2,0
AS,13/3/2020,28,86,,24,2,2,6,0,1
IB,13/3/2020,11,28,,8,2,1,0,0,0
CN,13/3/2020,22,90,,15,6,1,0,3,1
CB,13/3/2020,3,31,,3,0,0,0,0,0
CM,13/3/2020,219,289,,191,22,6,63,12,1
CL,13/3/2020,43,223,,25,15,3,0,7,2
CT,13/3/2020,242,558,,200,29,13,63,7,4
VC,13/3/2020,340,130,,307,29,4,36,7,3
EX,13/3/2020,6,66,,3,1,2,0,0,1
GA,13/3/2020,38,115,,32,6,0,17,0,0
MD,13/3/2020,2155,4672,,1699,370,86,409,63,5
MC,13/3/2020,10,47,,8,2,0,0,0,0
NC,13/3/2020,32,146,,28,4,0,0,0,0
PV,13/3/2020,215,521,,179,22,14,0,2,0
RI,13/3/2020,43,292,,38,2,3,11,0,0
CE,13/3/2020,0,0,,0,0,0,0,0,0
ML,13/3/2020,3,3,,3,0,0,0,0,0
AN,14/3/2020,106,437,,92,8,6,0,0,4
AR,14/3/2020,71,121,,59,5,7,17,0,0
AS,14/3/2020,33,123,,28,3,2,4,1,0
IB,14/3/2020,11,42,,8,2,1,0,0,0
CN,14/3/2020,22,109,,15,6,1,0,0,0
CB,14/3/2020,3,51,,3,0,0,0,0,0
CM,14/3/2020,313,401,,247,56,10,56,34,4
CL,14/3/2020,73,292,,45,22,6,20,7,3
CT,14/3/2020,342,742,,287,40,15,87,11,2
VC,14/3/2020,381,409,,339,37,5,32,8,1
EX,14/3/2020,10,95,,7,1,2,4,0,0
GA,14/3/2020,40,195,,32,6,2,0,0,2
MD,14/3/2020,2889,5576,,2207,469,213,508,99,127
MC,14/3/2020,15,71,,13,2,0,5,0,0
NC,14/3/2020,38,183,,34,4,0,6,0,0
PV,14/3/2020,314,630,,262,29,23,83,7,9
RI,14/3/2020,68,300,,58,7,3,20,5,0
CE,14/3/2020,0,1,,0,0,0,0,0,0
ML,14/3/2020,4,8,,4,0,0,1,0,0
AN,15/3/2020,215,554,,197,11,7,105,3,1
AR,15/3/2020,82,147,,64,7,11,5,2,4
AS,15/3/2020,44,160,,39,3,2,11,0,0
IB,15/3/2020,26,73,,21,4,1,13,2,0
CN,15/3/2020,50,119,,40,9,1,25,3,0
CB,15/3/2020,20,58,,18,2,0,15,2,0
CM,15/3/2020,414,567,,319,78,17,72,22,7
CL,15/3/2020,133,334,,95,29,9,50,7,3
CT,15/3/2020,447,1017,,375,52,20,88,12,5
VC,15/3/2020,442,409,,390,47,5,51,10,0
EX,15/3/2020,13,111,,9,2,2,2,1,0
GA,15/3/2020,59,245,,49,8,2,17,2,0
MD,15/3/2020,3526,6392,,2747,566,213,540,97,0
MC,15/3/2020,15,77,,13,2,0,0,0,0
NC,15/3/2020,64,274,,58,5,1,24,1,1
PV,15/3/2020,314,630,,262,29,23,0,0,0
RI,15/3/2020,81,312,,64,13,4,6,6,1
CE,15/3/2020,0,1,,0,0,0,0,0,0
ML,15/3/2020,4,8,,4,0,0,0,0,0
AN,16/3/2020,253,683,,229,13,11,32,2,4
AR,16/3/2020,95,207,,74,9,12,10,2,1
AS,16/3/2020,65,224,,57,6,2,18,3,0
IB,16/3/2020,31,92,,26,4,1,5,0,0
CN,16/3/2020,71,148,,56,13,2,16,4,1
CB,16/3/2020,20,58,,18,2,0,0,0,0
CM,16/3/2020,514,567,,402,95,17,83,17,0
CL,16/3/2020,143,431,,95,36,12,0,7,3
CT,16/3/2020,621,1414,,525,73,23,150,21,3
VC,16/3/2020,521,541,,456,52,13,66,5,8
EX,16/3/2020,21,153,,13,5,3,4,3,1
GA,16/3/2020,64,292,,49,12,3,0,4,1
MD,16/3/2020,4371,7653,,3314,702,355,567,136,142
MC,16/3/2020,21,97,,18,3,0,5,1,0
NC,16/3/2020,84,313,,72,10,2,14,5,1
PV,16/3/2020,378,765,,309,33,36,47,4,13
RI,16/3/2020,100,355,,82,13,5,18,0,1
CE,16/3/2020,0,1,,0,0,0,0,0,0
ML,16/3/2020,4,17,,4,0,0,0,0,0
AN,17/3/2020,359,859,,319,21,19,90,8,8
AR,17/3/2020,103,226,,81,9,13,7,0,1
AS,17/3/2020,89,269,,78,9,2,21,3,0
IB,17/3/2020,34,112,,29,4,1,3,0,0
CN,17/3/2020,93,181,,73,17,3,17,4,1
CB,17/3/2020,29,68,,25,3,1,7,1,1
CM,17/3/2020,649,675,,498,123,28,96,28,11
CL,17/3/2020,353,668,,281,50,22,186,14,10
CT,17/3/2020,813,1866,,679,101,33,154,28,10
VC,17/3/2020,617,726,,530,65,22,74,13,9
EX,17/3/2020,34,194,,22,6,6,9,1,3
GA,17/3/2020,83,341,,63,17,3,14,5,0
MD,17/3/2020,5174,9601,,3934,850,390,620,148,35
MC,17/3/2020,26,122,,22,4,0,4,1,0
NC,17/3/2020,106,386,,93,10,3,21,0,1
PV,17/3/2020,430,973,,353,37,40,44,4,4
RI,17/3/2020,117,419,,99,13,5,17,0,0
CE,17/3/2020,0,1,,0,0,0,0,0,0
ML,17/3/2020,4,20,,4,0,0,0,0,0
AN,18/3/2020,432,1008,,384,25,23,65,4,4
AR,18/3/2020,130,281,,101,14,15,20,5,2
AS,18/3/2020,118,310,,105,11,2,27,2,0
IB,18/3/2020,40,169,,31,7,2,2,3,1
CN,18/3/2020,108,220,,82,23,3,9,6,0
CB,18/3/2020,45,83,,40,4,1,15,1,0
CM,18/3/2020,836,801,,633,161,42,135,38,14
CL,18/3/2020,454,868,,362,63,29,81,13,7
CT,18/3/2020,996,2702,,825,118,53,146,17,20
VC,18/3/2020,756,921,,647,85,24,117,20,2
EX,18/3/2020,50,241,,33,9,8,11,3,2
GA,18/3/2020,128,453,,100,24,4,37,7,1
MD,18/3/2020,6383,11356,,4874,1011,498,940,161,108
MC,18/3/2020,42,167,,36,6,0,14,2,0
NC,18/3/2020,147,482,,132,11,4,39,1,1
PV,18/3/2020,552,1190,,455,44,53,102,7,13
RI,18/3/2020,141,468,,121,15,5,22,2,0
CE,18/3/2020,0,1,,0,0,0,0,0,0
ML,18/3/2020,4,23,,4,0,0,0,0,0
AN,19/3/2020,569,1287,,501,38,30,117,13,7
AR,19/3/2020,172,360,,127,28,17,26,14,2
AS,19/3/2020,146,429,,129,13,4,24,2,2
IB,19/3/2020,60,203,,48,10,2,17,3,0
CN,19/3/2020,144,287,,115,25,4,33,2,1
CB,19/3/2020,69,144,,61,7,1,21,3,0
CM,19/3/2020,973,1044,,751,180,42,118,19,0
CL,19/3/2020,594,1147,,476,75,43,114,12,14
CT,19/3/2020,1262,3270,,994,175,93,169,57,40
VC,19/3/2020,911,1105,,777,101,33,130,16,9
EX,19/3/2020,72,297,,50,12,10,17,3,2
GA,19/3/2020,177,578,,138,34,5,38,10,1
MD,19/3/2020,8013,13399,,6189,1196,628,1315,185,130
MC,19/3/2020,58,204,,47,11,0,11,5,0
NC,19/3/2020,196,554,,172,19,5,40,8,1
PV,19/3/2020,674,1465,,550,53,71,95,9,18
RI,19/3/2020,144,497,,122,15,7,1,0,2
CE,19/3/2020,0,5,,0,0,0,0,0,0
ML,19/3/2020,6,24,,5,1,0,1,1,0
AN,20/3/2020,698,1515,,605,53,40,104,15,10
AR,20/3/2020,247,424,,192,33,22,65,5,5
AS,20/3/2020,180,524,,155,18,7,26,5,3
IB,20/3/2020,78,246,,60,14,4,12,4,2
CN,20/3/2020,175,348,,139,29,7,24,4,3
CB,20/3/2020,103,215,,92,9,2,31,2,1
CM,20/3/2020,1290,1423,,998,208,84,247,28,42
CL,20/3/2020,780,1466,,629,96,55,153,21,12
CT,20/3/2020,2095,4203,,1681,271,143,687,96,50
VC,20/3/2020,1126,1363,,947,129,50,170,28,17
EX,20/3/2020,92,354,,67,13,12,17,1,2
GA,20/3/2020,217,739,,168,40,9,30,6,4
MD,20/3/2020,9740,15722,,7535,1401,804,1346,205,176
MC,20/3/2020,76,240,,61,14,1,14,3,1
NC,20/3/2020,256,664,,222,25,9,50,6,4
PV,20/3/2020,810,1725,,654,71,85,104,18,14
RI,20/3/2020,160,564,,128,17,15,6,2,8
CE,20/3/2020,0,5,,0,0,0,0,0,0
ML,20/3/2020,9,25,,8,1,0,3,0,0
AN,21/3/2020,826,1725,,724,55,47,119,2,7
AR,21/3/2020,310,532,,241,45,24,49,12,2
AS,21/3/2020,214,569,,180,22,12,25,4,5
IB,21/3/2020,97,331,,79,14,4,19,0,0
CN,21/3/2020,191,414,,150,32,9,11,3,2
CB,21/3/2020,130,282,,116,9,5,24,0,3
CM,21/3/2020,1487,1819,,1126,249,112,128,41,28
CL,21/3/2020,983,1744,,798,111,74,169,15,19
CT,21/3/2020,2389,5046,,1917,290,182,236,19,39
VC,21/3/2020,1357,1604,,1136,152,69,189,23,19
EX,21/3/2020,135,384,,97,24,14,30,11,2
GA,21/3/2020,289,915,,227,50,12,59,10,3
MD,21/3/2020,11616,17397,,9063,1532,1021,1528,131,217
MC,21/3/2020,95,296,,78,16,1,17,2,0
NC,21/3/2020,332,794,,288,30,14,66,5,5
PV,21/3/2020,1166,2097,,988,81,97,334,10,12
RI,21/3/2020,169,654,,134,17,18,6,0,3
CE,21/3/2020,0,5,,0,0,0,0,0,0
ML,21/3/2020,13,25,,12,1,0,4,0,0
AN,22/3/2020,1000,1961,,865,77,58,141,22,11
AR,22/3/2020,382,638,,298,52,32,57,7,8
AS,22/3/2020,257,621,,210,25,22,30,3,10
IB,22/3/2020,124,400,,87,27,10,8,13,6
CN,22/3/2020,215,481,,172,32,11,22,0,2
CB,22/3/2020,177,347,,157,14,6,41,5,1
CM,22/3/2020,1821,2078,,1410,266,145,284,17,33
CL,22/3/2020,1209,2055,,977,130,102,179,19,28
CT,22/3/2020,2665,5747,,2158,308,199,241,18,17
VC,22/3/2020,1586,1901,,1311,181,94,175,29,25
EX,22/3/2020,156,493,,105,33,18,8,9,4
GA,22/3/2020,350,1208,,270,62,18,43,12,6
MD,22/3/2020,13698,18900,,10771,1664,1263,1708,132,242
MC,22/3/2020,105,345,,80,23,2,2,7,1
NC,22/3/2020,403,886,,339,40,24,51,10,10
PV,22/3/2020,1464,2421,,1252,92,120,264,11,23
RI,22/3/2020,210,747,,166,22,22,32,5,4
CE,22/3/2020,0,6,,0,0,0,0,0,0
ML,22/3/2020,13,28,,12,1,0,0,0,0
AN,23/3/2020,1321,2470,,1132,102,87,267,25,29
AR,23/3/2020,487,758,,384,66,37,86,14,5
AS,23/3/2020,306,754,,251,29,26,41,4,4
IB,23/3/2020,172,478,,127,35,10,40,8,0
CN,23/3/2020,259,557,,207,36,16,35,4,5
CB,23/3/2020,225,425,,200,16,9,43,2,3
CM,23/3/2020,2273,2465,,1751,306,216,341,40,71
CL,23/3/2020,1472,2460,,1197,151,124,220,21,22
CT,23/3/2020,3973,7864,,3209,471,293,1051,163,94
VC,23/3/2020,1899,2167,,1562,222,115,251,41,21
EX,23/3/2020,179,636,,113,40,26,8,7,8
GA,23/3/2020,436,1415,,338,78,20,68,16,2
MD,23/3/2020,15401,21569,,12053,1813,1535,1282,149,272
MC,23/3/2020,128,385,,99,26,3,19,3,1
NC,23/3/2020,481,1014,,405,45,31,66,5,7
PV,23/3/2020,1664,2728,,1425,106,133,173,14,13
RI,23/3/2020,260,802,,206,24,30,40,2,8
CE,23/3/2020,0,6,,0,0,0,0,0,0
ML,23/3/2020,13,28,,12,1,0,0,0,0
AN,24/3/2020,1662,3008,,1433,116,113,301,14,26
AR,24/3/2020,574,907,,459,75,40,75,9,3
AS,24/3/2020,349,812,,281,39,29,30,10,3
IB,24/3/2020,217,562,,164,40,13,37,5,3
CN,24/3/2020,299,657,,235,43,21,28,7,5
CB,24/3/2020,273,510,,241,18,14,41,2,5
CM,24/3/2020,2577,2780,,1980,334,263,229,28,47
CL,24/3/2020,1801,2940,,1457,179,165,260,28,41
CT,24/3/2020,5447,9937,,4349,713,385,1140,242,92
VC,24/3/2020,2240,2616,,1842,255,143,280,33,28
EX,24/3/2020,304,742,,217,48,39,104,8,13
GA,24/3/2020,539,1653,,412,100,27,74,22,7
MD,24/3/2020,17084,24475,,13297,1962,1825,1244,149,290
MC,24/3/2020,165,477,,127,33,5,28,7,2
NC,24/3/2020,590,1197,,506,51,33,101,6,2
PV,24/3/2020,1851,3271,,1577,119,155,152,13,22
RI,24/3/2020,324,928,,254,33,37,48,9,7
CE,24/3/2020,3,9,,2,1,0,2,1,0
ML,24/3/2020,16,38,,14,2,0,2,1,0
AN,25/3/2020,1894,3404,,1626,134,134,193,18,21
AR,25/3/2020,703,1116,,562,93,48,103,18,8
AS,25/3/2020,399,891,,322,48,29,41,9,0
IB,25/3/2020,265,660,,205,43,17,41,3,4
CN,25/3/2020,348,784,,279,45,24,44,2,3
CB,25/3/2020,343,671,,300,26,17,59,8,3
CM,25/3/2020,2933,3383,,2266,351,316,286,17,53
CL,25/3/2020,2227,3488,,1823,198,206,366,19,41
CT,25/3/2020,6636,11592,,5371,764,501,1022,51,116
VC,25/3/2020,2553,3200,,2097,289,167,255,34,24
EX,25/3/2020,401,969,,291,52,58,74,4,19
GA,25/3/2020,642,1915,,503,107,32,91,7,5
MD,25/3/2020,19231,27422,,15024,2117,2090,1727,155,265
MC,25/3/2020,216,596,,172,36,8,45,3,3
NC,25/3/2020,752,1411,,649,54,49,143,3,16
PV,25/3/2020,2224,3946,,1907,137,180,330,18,25
RI,25/3/2020,395,995,,316,36,43,62,3,6
CE,25/3/2020,4,10,,2,2,0,0,1,0
ML,25/3/2020,19,39,,16,2,1,2,0,1
AN,26/3/2020,2135,3790,,1843,148,144,217,14,10
AR,26/3/2020,865,1338,,693,114,58,131,21,10
AS,26/3/2020,465,960,,370,56,39,48,8,10
IB,26/3/2020,305,755,,237,46,22,32,3,5
CN,26/3/2020,416,878,,328,61,27,49,16,3
CB,26/3/2020,405,810,,355,29,21,55,3,4
CM,26/3/2020,3407,3934,,2673,367,367,407,16,51
CL,26/3/2020,2681,4132,,2214,215,252,391,17,46
CT,26/3/2020,8371,12940,,6714,972,685,1343,208,184
VC,26/3/2020,2880,3532,,2357,325,198,260,36,31
EX,26/3/2020,467,1231,,344,54,69,53,2,11
GA,26/3/2020,722,2322,,557,122,43,54,15,11
MD,26/3/2020,21777,30796,,17093,2272,2412,2069,155,322
MC,26/3/2020,277,714,,209,53,15,37,17,7
NC,26/3/2020,865,1641,,732,75,58,83,21,9
PV,26/3/2020,2631,4601,,2270,154,207,363,17,27
RI,26/3/2020,486,1236,,388,43,55,72,7,12
CE,26/3/2020,4,17,,2,2,0,0,0,0
ML,26/3/2020,21,42,,18,2,1,2,0,0
AN,27/3/2020,2453,4271,,2106,172,175,263,24,31
AR,27/3/2020,1052,1592,,835,124,93,142,10,35
AS,27/3/2020,530,1037,,427,59,44,57,3,5
IB,27/3/2020,368,862,,283,59,26,46,13,4
CN,27/3/2020,481,1025,,377,68,36,49,7,9
CB,27/3/2020,465,937,,406,37,22,51,8,1
CM,27/3/2020,3937,4512,,3106,383,448,433,16,81
CL,27/3/2020,3207,4791,,2648,238,321,434,23,69
CT,27/3/2020,9817,14263,,7954,1036,827,1240,64,142
VC,27/3/2020,3188,4034,,2606,348,234,249,23,36
EX,27/3/2020,552,1394,,406,58,88,62,4,19
GA,27/3/2020,1094,2772,,906,141,47,349,19,4
MD,27/3/2020,24224,33162,,19098,2369,2757,2005,97,345
MC,27/3/2020,306,802,,231,58,17,22,5,2
NC,27/3/2020,981,1829,,827,84,70,95,9,12
PV,27/3/2020,3029,5136,,2612,176,241,342,22,34
RI,27/3/2020,566,1436,,458,43,65,70,0,10
CE,27/3/2020,5,17,,2,2,1,0,0,1
ML,27/3/2020,25,45,,22,2,1,4,0,0
AN,28/3/2020,2702,4676,,2294,201,207,188,29,32
AR,28/3/2020,1084,1858,,835,145,104,0,21,11
AS,28/3/2020,562,1143,,452,63,47,25,4,3
IB,28/3/2020,444,958,,344,71,29,61,12,3
CN,28/3/2020,542,1125,,425,78,39,48,10,3
CB,28/3/2020,515,1023,,449,40,26,43,3,4
CM,28/3/2020,4362,5246,,3430,393,539,324,10,91
CL,28/3/2020,3801,5414,,3160,261,380,512,23,59
CT,28/3/2020,10431,15025,,8447,1080,904,493,44,77
VC,28/3/2020,3415,4784,,2773,375,267,167,27,33
EX,28/3/2020,634,1456,,467,67,100,61,9,12
GA,28/3/2020,1262,3139,,1043,159,60,137,18,13
MD,28/3/2020,26816,34189,,21311,2423,3082,2213,54,325
MC,28/3/2020,338,872,,260,58,20,29,0,3
NC,28/3/2020,1070,2011,,896,90,84,69,6,14
PV,28/3/2020,3642,5740,,3106,271,265,494,95,24
RI,28/3/2020,608,1629,,497,43,68,39,0,3
CE,28/3/2020,5,21,,2,2,1,0,0,0
ML,28/3/2020,27,48,,24,2,1,2,0,0
AN,29/3/2020,3123,5398,,2671,216,236,377,15,29
AR,29/3/2020,1348,2078,,1094,148,106,259,3,2
AS,29/3/2020,617,1206,,491,67,59,39,4,12
IB,29/3/2020,469,1000,,352,80,37,8,9,8
CN,29/3/2020,568,1204,,444,84,40,19,6,1
CB,29/3/2020,554,1100,,481,46,27,32,6,1
CM,29/3/2020,4723,5858,,3698,403,622,268,10,83
CL,29/3/2020,4125,5801,,3411,272,442,251,11,62
CT,29/3/2020,11259,16104,,9126,1150,983,679,70,79
VC,29/3/2020,3617,5110,,2914,393,310,141,18,43
EX,29/3/2020,682,1560,,505,71,106,38,4,6
GA,29/3/2020,1389,3723,,1147,176,66,104,17,6
MD,29/3/2020,28981,35061,,23125,2464,3392,1814,41,310
MC,29/3/2020,348,939,,265,58,25,5,0,5
NC,29/3/2020,1153,2146,,955,96,102,59,6,18
PV,29/3/2020,4017,6057,,3427,293,297,321,22,32
RI,29/3/2020,631,1733,,517,43,71,20,0,3
CE,29/3/2020,5,25,,2,2,1,0,0,0
ML,29/3/2020,31,51,,27,3,1,3,1,0
AN,30/3/2020,3350,5809,,2867,235,248,196,19,12
AR,30/3/2020,1471,2272,,1176,157,138,82,9,32
AS,30/3/2020,666,1295,,529,71,66,38,4,7
IB,30/3/2020,525,1069,,398,85,42,46,5,5
CN,30/3/2020,632,1262,,483,94,55,39,10,15
CB,30/3/2020,609,1171,,522,50,37,41,4,10
CM,30/3/2020,5303,6424,,4187,408,708,489,5,86
CL,30/3/2020,4439,6211,,3629,294,516,218,22,74
CT,30/3/2020,12359,18520,,9925,1218,1216,799,68,233
VC,30/3/2020,3866,5508,,3111,416,339,197,23,29
EX,30/3/2020,771,1628,,561,77,133,56,6,27
GA,30/3/2020,1523,4039,,1250,189,84,103,13,18
MD,30/3/2020,30070,37607,,23913,2554,3603,788,90,211
MC,30/3/2020,376,974,,283,59,34,18,1,9
NC,30/3/2020,1247,2305,,1035,99,113,80,3,11
PV,30/3/2020,4226,6320,,3594,307,325,167,14,28
RI,30/3/2020,711,1810,,575,51,85,58,8,14
CE,30/3/2020,7,34,,3,3,1,1,1,0
ML,30/3/2020,31,54,,27,3,1,0,0,0
AN,31/3/2020,3715,6379,,3147,260,308,280,25,60
AR,31/3/2020,1563,2491,,1234,160,169,58,3,31
AS,31/3/2020,708,1367,,554,79,75,25,8,9
IB,31/3/2020,607,1131,,467,94,46,69,9,4
CN,31/3/2020,704,1380,,532,110,62,49,16,7
CB,31/3/2020,651,1213,,543,54,54,21,4,17
CM,31/3/2020,5781,7047,,4590,417,774,403,9,66
CL,31/3/2020,4854,6847,,3951,318,585,322,24,69
CT,31/3/2020,14249,19991,,11446,1345,1458,1521,127,242
VC,31/3/2020,4082,5922,,3253,434,395,142,18,56
EX,31/3/2020,834,1679,,600,82,152,39,5,19
GA,31/3/2020,1644,4432,,1338,203,103,88,14,19
MD,31/3/2020,31045,39409,,24553,2627,3865,640,73,262
MC,31/3/2020,400,1041,,304,59,37,21,0,3
NC,31/3/2020,1354,2497,,1120,104,130,85,5,17
PV,31/3/2020,4499,6838,,3806,324,369,212,17,44
RI,31/3/2020,763,1960,,619,54,90,44,3,5
CE,31/3/2020,10,51,,6,3,1,3,0,0
ML,31/3/2020,36,62,,32,3,1,5,0,0
AN,1/4/2020,4067,6957,,3444,280,343,297,20,35
AR,1/4/2020,1690,2700,,1320,170,200,86,10,31
AS,1/4/2020,762,1435,,602,84,76,48,5,1
IB,1/4/2020,678,1204,,516,104,58,49,10,12
CN,1/4/2020,747,1444,,566,113,68,34,3,6
CB,1/4/2020,684,1268,,567,57,60,24,3,6
CM,1/4/2020,6260,7682,,4982,424,854,392,7,80
CL,1/4/2020,5180,7355,,4207,332,641,256,14,56
CT,1/4/2020,15442,21804,,12398,1415,1629,952,70,171
VC,1/4/2020,4281,6308,,3389,449,443,136,15,48
EX,1/4/2020,913,1837,,649,83,181,49,1,29
GA,1/4/2020,1779,4842,,1447,212,120,109,9,17
MD,1/4/2020,32981,41199,,26112,2694,4175,1559,67,310
MC,1/4/2020,499,1084,,389,68,42,85,9,5
NC,1/4/2020,1430,2682,,1181,108,141,61,4,11
PV,1/4/2020,4843,7317,,4087,344,412,281,20,43
RI,1/4/2020,818,2083,,660,57,101,41,3,11
CE,1/4/2020,11,55,,7,3,1,1,0,0
ML,1/4/2020,36,62,,32,3,1,0,0,0
AN,2/4/2020,4387,7353,,3673,338,376,229,58,33
AR,2/4/2020,1827,2889,,1431,172,224,111,2,24
AS,2/4/2020,802,1504,,634,88,80,32,4,4
IB,2/4/2020,766,1257,,586,111,69,70,7,11
CN,2/4/2020,798,1490,,605,120,73,39,7,5
CB,2/4/2020,715,1321,,592,59,64,25,2,4
CM,2/4/2020,6653,8523,,5306,431,916,324,7,62
CL,2/4/2020,5537,7875,,4472,342,723,265,10,82
CT,2/4/2020,16367,23460,,13101,1482,1784,703,67,155
VC,2/4/2020,4463,6624,,3492,460,511,103,11,68
EX,2/4/2020,991,1893,,706,85,200,57,2,19
GA,2/4/2020,1987,5219,,1630,219,138,183,7,18
MD,2/4/2020,34572,43038,,27325,2764,4483,1213,70,308
MC,2/4/2020,523,1145,,405,72,46,16,4,4
NC,2/4/2020,1554,2836,,1284,119,151,103,11,10
PV,2/4/2020,5090,7827,,4283,363,444,196,19,32
RI,2/4/2020,911,2224,,738,64,109,78,7,8
CE,2/4/2020,12,62,,8,3,1,1,0,0
ML,2/4/2020,39,70,,34,3,2,2,0,1
AN,3/4/2020,4686,7847,,3896,364,426,223,26,50
AR,3/4/2020,1938,3078,,1505,182,251,74,10,27
AS,3/4/2020,831,1573,12,657,91,83,23,3,3
IB,3/4/2020,817,1271,,633,113,71,47,2,2
CN,3/4/2020,838,1564,,632,128,78,27,8,5
CB,3/4/2020,747,1384,,619,60,68,27,1,4
CM,3/4/2020,6982,9324,,5556,437,989,250,6,73
CL,3/4/2020,5822,8332,,4685,351,786,213,9,63
CT,3/4/2020,17748,24734,,14251,1569,1928,1150,87,144
VC,3/4/2020,4601,6901,,3560,470,571,68,10,60
EX,3/4/2020,1043,1979,,747,88,208,41,3,8
GA,3/4/2020,2155,5625,,1767,229,159,137,10,21
MD,3/4/2020,35964,44779,,28420,2821,4723,1095,57,240
MC,3/4/2020,564,1188,,434,79,51,29,7,5
NC,3/4/2020,1632,2972,,1341,120,171,57,1,20
PV,3/4/2020,5376,8187,,4522,377,477,239,14,33
RI,3/4/2020,997,2405,,805,64,128,67,0,19
CE,3/4/2020,13,73,,8,4,1,0,1,0
ML,3/4/2020,42,79,,37,3,2,3,0,0
AN,4/4/2020,5051,8279,,4107,474,470,211,110,44
AR,4/4/2020,2040,3232,,1588,182,270,83,0,19
AS,4/4/2020,854,1627,13,674,93,87,17,2,4
IB,4/4/2020,857,1293,,663,119,75,30,6,4
CN,4/4/2020,853,1622,,644,129,80,12,1,2
CB,4/4/2020,769,1441,,639,62,68,20,2,0
CM,4/4/2020,7270,10031,,5774,441,1055,218,4,66
CL,4/4/2020,6113,8749,,4905,361,847,220,10,61
CT,4/4/2020,18504,26032,,14798,1653,2053,547,84,125
VC,4/4/2020,4711,7184,,3620,478,613,60,8,42
EX,4/4/2020,1077,2047,,768,91,218,21,3,10
GA,4/4/2020,2242,5944,,1831,237,174,64,8,15
MD,4/4/2020,37337,45671,,29542,2854,4941,1122,33,218
MC,4/4/2020,586,1235,,447,80,59,13,1,8
NC,4/4/2020,1700,3073,,1399,123,178,58,3,7
PV,4/4/2020,5585,8628,,4666,404,515,144,27,38
RI,4/4/2020,1055,2592,,855,66,134,50,2,6
CE,4/4/2020,15,83,,9,4,2,1,0,1
ML,4/4/2020,43,83,,38,3,2,1,0,0
AN,5/4/2020,5207,8559,,4227,489,491,120,15,21
AR,5/4/2020,2107,3347,,1637,186,284,49,4,14
AS,5/4/2020,882,1681,14,695,94,93,21,1,6
IB,5/4/2020,882,1320,,681,120,81,18,1,6
CN,5/4/2020,869,1649,,651,133,85,7,4,5
CB,5/4/2020,800,1483,,658,65,77,19,3,9
CM,5/4/2020,7544,10602,,5967,445,1132,193,4,77
CL,5/4/2020,6328,9116,,5041,368,919,136,7,72
CT,5/4/2020,19110,26824,,15258,1685,2167,460,32,114
VC,5/4/2020,4792,7334,,3668,487,637,48,9,24
EX,5/4/2020,1129,2068,,808,93,228,40,2,10
GA,5/4/2020,2351,6151,,1916,245,190,85,8,16
MD,5/4/2020,38505,46197,,30490,2879,5136,948,25,195
MC,5/4/2020,617,1259,,468,81,68,21,1,9
NC,5/4/2020,1743,3231,,1432,124,187,33,1,9
PV,5/4/2020,5752,8810,,4794,410,548,128,6,33
RI,5/4/2020,1095,2719,,888,66,141,33,0,7
CE,5/4/2020,16,83,,9,4,3,0,0,1
ML,5/4/2020,43,86,,38,3,2,0,0,0
AN,6/4/2020,5362,8743,,4335,499,528,108,10,37
AR,6/4/2020,2171,3449,,1663,196,312,26,10,28
AS,6/4/2020,924,1702,16,727,96,101,32,2,8
IB,6/4/2020,910,1369,,703,123,84,22,3,3
CN,6/4/2020,915,1725,,689,137,89,38,4,4
CB,6/4/2020,828,1501,,677,66,85,19,1,8
CM,6/4/2020,7831,11077,,6203,451,1177,236,6,45
CL,6/4/2020,6537,9581,,5180,375,982,139,7,63
CT,6/4/2020,19712,28323,,15643,1740,2329,385,55,162
VC,6/4/2020,4862,7443,,3698,492,672,30,5,35
EX,6/4/2020,1171,2116,,817,96,258,9,3,30
GA,6/4/2020,2425,6331,,1968,253,204,52,8,14
MD,6/4/2020,39438,47763,,31109,2958,5371,619,79,235
MC,6/4/2020,662,1259,4,500,84,78,32,3,10
NC,6/4/2020,1814,3355,,1488,124,202,56,0,15
PV,6/4/2020,5859,8974,47,4856,417,586,62,7,38
RI,6/4/2020,1144,2846,,918,66,160,30,0,19
CE,6/4/2020,17,83,,9,4,4,0,0,1
ML,6/4/2020,45,92,,40,3,2,2,0,0
AN,7/4/2020,5588,8973,,4463,520,605,128,21,77
AR,7/4/2020,2269,3549,,1716,204,349,53,8,37
AS,7/4/2020,951,1729,22,747,97,107,20,1,6
IB,7/4/2020,946,1412,,729,128,89,26,5,5
CN,7/4/2020,932,1762,,703,138,91,14,1,2
CB,7/4/2020,861,1572,,700,69,92,23,3,7
CM,7/4/2020,8158,11788,,6449,454,1255,246,3,78
CL,7/4/2020,6736,10058,,5322,386,1028,142,11,46
CT,7/4/2020,20526,29647,,16235,1829,2462,592,89,133
VC,7/4/2020,4933,7655,,3713,496,724,15,4,52
EX,7/4/2020,1221,2184,,852,98,271,35,2,13
GA,7/4/2020,2483,6538,,2014,256,213,46,3,9
MD,7/4/2020,40142,49160,,31554,3002,5586,445,44,215
MC,7/4/2020,686,1297,8,515,86,85,15,2,7
NC,7/4/2020,1856,3467,,1526,124,206,38,0,4
PV,7/4/2020,6047,9392,60,4982,430,635,126,13,49
RI,7/4/2020,1200,2951,,955,68,177,37,2,17
CE,7/4/2020,17,84,,9,4,4,0,0,0
ML,7/4/2020,45,93,,40,3,2,0,0,0
AN,8/4/2020,5789,9234,,4599,538,652,136,18,47
AR,8/4/2020,2360,3685,,1765,210,385,49,6,36
AS,8/4/2020,988,1774,57,775,100,113,28,3,6
IB,8/4/2020,969,1448,,749,131,89,20,3,0
CN,8/4/2020,962,1834,,730,140,92,27,2,1
CB,8/4/2020,889,1619,,720,71,98,20,2,6
CM,8/4/2020,8404,12489,,6622,460,1322,173,6,67
CL,8/4/2020,7004,10518,,5523,399,1082,201,13,54
CT,8/4/2020,21583,31043,,16970,1946,2667,735,117,205
VC,8/4/2020,5123,7964,,3815,541,767,102,45,43
EX,8/4/2020,1340,2273,,958,99,283,106,1,12
GA,8/4/2020,2585,6758,,2094,260,231,80,4,18
MD,8/4/2020,41325,50580,,32487,3038,5800,933,36,214
MC,8/4/2020,708,1322,18,533,87,88,18,1,3
NC,8/4/2020,1864,3575,,1526,124,214,0,0,8
PV,8/4/2020,6252,9740,66,5130,433,689,148,3,54
RI,8/4/2020,1248,3026,,997,69,182,42,1,5
CE,8/4/2020,17,84,,9,4,4,0,0,0
ML,8/4/2020,45,93,,40,3,2,0,0,0
AN,9/4/2020,5988,9482,,4715,582,691,116,44,39
AR,9/4/2020,2443,3831,,1822,212,409,57,2,24
AS,9/4/2020,1026,1822,67,797,100,129,22,0,16
IB,9/4/2020,1007,1488,,775,135,97,26,4,8
CN,9/4/2020,973,1858,,738,141,94,8,1,2
CB,9/4/2020,922,1659,,747,73,102,27,2,4
CM,9/4/2020,8700,13063,,6803,466,1431,181,6,109
CL,9/4/2020,7210,11102,,5674,407,1129,151,8,47
CT,9/4/2020,22533,31824,,17780,1966,2787,810,20,120
VC,9/4/2020,5344,8331,,3987,561,796,172,20,29
EX,9/4/2020,1392,2332,,1003,101,288,45,2,5
GA,9/4/2020,2671,6946,,2165,263,243,71,3,12
MD,9/4/2020,42311,51535,,33278,3061,5972,791,23,172
MC,9/4/2020,711,1338,29,533,88,90,0,1,2
NC,9/4/2020,1962,3748,,1620,124,218,94,0,4
PV,9/4/2020,6461,9992,111,5290,442,729,160,9,40
RI,9/4/2020,1314,3076,,1047,71,196,50,2,14
CE,9/4/2020,17,91,,9,4,4,0,0,0
ML,9/4/2020,46,95,,41,3,2,1,0,0
AN,10/4/2020,6147,9682,,4808,602,737,93,20,46
AR,10/4/2020,2500,3969,29,1860,215,425,38,3,16
AS,10/4/2020,1066,1865,78,831,101,134,34,1,5
IB,10/4/2020,1014,1507,,776,136,102,1,1,5
CN,10/4/2020,984,1887,,745,144,95,7,3,1
CB,10/4/2020,955,1719,,773,75,107,26,2,5
CM,10/4/2020,8860,13456,,6907,470,1483,104,4,52
CL,10/4/2020,7411,11543,,5817,414,1180,143,7,51
CT,10/4/2020,23060,32984,,18194,1989,2877,414,23,90
VC,10/4/2020,5515,8578,,4132,565,818,145,4,22
EX,10/4/2020,1459,2486,,1052,104,303,49,3,15
GA,10/4/2020,2740,7176,,2215,264,261,50,1,18
MD,10/4/2020,43161,52400,,33986,3091,6084,708,30,112
MC,10/4/2020,715,1371,33,533,88,94,0,0,4
NC,10/4/2020,1992,3817,,1641,124,227,21,0,9
PV,10/4/2020,6620,10313,202,5402,453,765,112,11,36
RI,10/4/2020,1362,3223,273,1082,73,207,35,2,11
CE,10/4/2020,17,93,,9,4,4,0,0,0
ML,10/4/2020,48,98,,43,3,2,2,0,0
AN,11/4/2020,6368,9976,,4950,619,799,142,17,62
AR,11/4/2020,2572,4070,55,1901,221,450,41,6,25
AS,11/4/2020,1115,1949,81,863,102,150,32,1,16
IB,11/4/2020,1056,1534,,803,141,112,27,5,10
CN,11/4/2020,997,1918,,758,144,95,13,0,0
CB,11/4/2020,990,1752,,805,75,110,32,0,3
CM,11/4/2020,9056,13698,,7040,473,1543,133,3,60
CL,11/4/2020,7596,12118,,5957,418,1221,140,4,41
CT,11/4/2020,23765,34027,,18772,2018,2975,578,29,98
VC,11/4/2020,5554,8841,,4149,567,838,17,2,20
EX,11/4/2020,1492,2580,,1074,106,312,22,2,9
GA,11/4/2020,2847,7336,,2306,267,274,91,3,13
MD,11/4/2020,43928,52944,,34545,3105,6278,559,14,194
MC,11/4/2020,725,1380,56,537,91,97,4,3,3
NC,11/4/2020,2019,3969,,1663,124,232,22,0,5
PV,11/4/2020,6810,10514,258,5547,459,804,145,6,39
RI,11/4/2020,1414,3279,317,1122,73,219,40,0,12
CE,11/4/2020,17,93,,9,4,4,0,0,0
ML,11/4/2020,48,98,,43,3,2,0,0,0
AN,12/4/2020,6429,10062,,4993,621,815,43,2,16
AR,12/4/2020,2625,4187,61,1938,223,464,37,2,14
AS,12/4/2020,1146,2001,83,884,105,157,21,3,7
IB,12/4/2020,1068,1550,,809,142,117,6,1,5
CN,12/4/2020,1004,1944,,763,145,96,5,1,1
CB,12/4/2020,1019,1777,,827,75,117,22,0,7
CM,12/4/2020,9883,14054,,7782,475,1626,742,2,83
CL,12/4/2020,7763,12628,,6077,423,1263,120,5,42
CT,12/4/2020,24152,34726,,18963,2084,3105,191,66,130
VC,12/4/2020,5721,9060,,4269,576,876,120,9,38
EX,12/4/2020,1524,2658,,1096,107,321,22,1,9
GA,12/4/2020,2903,7494,,2344,275,284,38,8,10
MD,12/4/2020,44598,53285,,35053,3122,6423,508,17,145
MC,12/4/2020,738,1387,65,543,94,101,6,3,4
NC,12/4/2020,2056,4092,,1693,124,239,30,0,7
PV,12/4/2020,6917,10674,344,5622,464,831,75,5,27
RI,12/4/2020,1437,3358,317,1141,73,223,19,0,4
CE,12/4/2020,17,95,,9,4,4,0,0,0
ML,12/4/2020,48,101,,43,3,2,0,0,0
AN,13/4/2020,6521,10169,114,5054,631,836,61,10,21
AR,13/4/2020,2687,4245,87,1966,229,492,28,6,28
AS,13/4/2020,1176,2030,89,902,109,165,18,4,8
IB,13/4/2020,1086,1571,,824,144,118,15,2,1
CN,13/4/2020,1020,1958,,771,147,102,8,2,6
CB,13/4/2020,1049,1796,,853,76,120,26,1,3
CM,13/4/2020,10030,14329,,7830,486,1714,48,11,88
CL,13/4/2020,7906,13180,,6175,432,1299,98,9,36
CT,13/4/2020,24527,35197,,19224,2102,3201,261,18,96
VC,13/4/2020,5885,9213,,4397,581,907,128,5,31
EX,13/4/2020,1555,2684,,1114,107,334,18,0,13
GA,13/4/2020,2973,7597,,2403,280,290,59,5,6
MD,13/4/2020,45121,54287,,35400,3153,6568,347,31,145
MC,13/4/2020,768,1393,86,566,96,106,23,2,5
NC,13/4/2020,2078,4150,,1705,124,249,12,0,10
PV,13/4/2020,7008,10845,381,5679,470,859,57,6,28
RI,13/4/2020,1460,3420,329,1152,74,234,11,1,11
CE,13/4/2020,17,96,,9,4,4,0,0,0
ML,13/4/2020,48,101,,43,3,2,0,0,0
AN,14/4/2020,6677,10392,169,5147,665,865,93,34,29
AR,14/4/2020,2751,4338,112,2006,231,514,40,2,22
AS,14/4/2020,1197,2089,105,914,111,172,12,2,7
IB,14/4/2020,1126,1605,,854,147,125,30,3,7
CN,14/4/2020,1037,1975,,781,152,104,10,5,2
CB,14/4/2020,1081,1823,,873,76,132,20,0,12
CM,14/4/2020,10146,14680,,7896,495,1755,66,9,41
CL,14/4/2020,8083,13697,,6306,440,1337,131,8,38
CT,14/4/2020,25906,36505,,20264,2189,3453,1040,87,252
VC,14/4/2020,5998,9424,,4465,588,945,68,7,38
EX,14/4/2020,1604,2762,,1155,107,342,41,0,8
GA,14/4/2020,3052,7708,,2471,282,299,68,2,9
MD,14/4/2020,45592,55398,,35688,3180,6724,288,27,156
MC,14/4/2020,780,1400,128,574,97,109,8,1,3
NC,14/4/2020,2107,4246,,1731,124,252,26,0,3
PV,14/4/2020,7123,11014,461,5750,471,902,71,1,43
RI,14/4/2020,1503,3457,374,1182,75,246,30,1,12
CE,14/4/2020,17,98,,9,4,4,0,0,0
ML,14/4/2020,48,102,,43,3,2,0,0,0
AN,15/4/2020,6809,10557,216,5226,671,912,79,6,47
AR,15/4/2020,2886,4411,155,2108,235,543,102,4,29
AS,15/4/2020,1215,2110,137,927,112,176,13,1,4
IB,15/4/2020,1150,1636,,869,150,131,15,3,6
CN,15/4/2020,1065,1988,0,802,156,107,21,4,3
CB,15/4/2020,1104,1845,,890,77,137,17,1,5
CM,15/4/2020,10286,15151,,7987,503,1796,91,8,41
CL,15/4/2020,8266,14380,,6449,445,1372,143,5,35
CT,15/4/2020,26423,37354,,20553,2252,3618,289,63,165
VC,15/4/2020,6121,9615,,4524,625,972,59,37,27
EX,15/4/2020,1652,2581,300,1186,107,359,31,0,17
GA,15/4/2020,3086,7873,,2494,282,310,23,0,11
MD,15/4/2020,46331,56304,,36251,3203,6877,563,23,153
MC,15/4/2020,783,1416,174,575,97,111,1,0,2
NC,15/4/2020,2137,4348,,1752,124,261,21,0,9
PV,15/4/2020,7297,11203,587,5863,478,956,113,7,54
RI,15/4/2020,1539,3539,377,1207,75,257,25,0,11
CE,15/4/2020,17,98,2,9,4,4,0,0,0
ML,15/4/2020,48,103,0,43,3,2,0,0,0
AN,16/4/2020,6913,10635,383,5298,675,940,72,4,28
AR,16/4/2020,2948,4489,175,2151,235,562,43,0,19
AS,16/4/2020,1265,2163,156,966,113,186,39,1,10
IB,16/4/2020,1186,1667,,902,150,134,33,0,3
CN,16/4/2020,1081,2009,0,811,159,111,9,3,4
CB,16/4/2020,1125,1884,,903,78,144,13,1,7
CM,16/4/2020,10381,15997,,8018,511,1852,31,8,56
CL,16/4/2020,8368,14903,,6518,449,1401,69,4,29
CT,16/4/2020,27299,38316,,21242,2305,3752,689,53,134
VC,16/4/2020,6236,9486,297,4605,632,999,81,7,27
EX,16/4/2020,1691,2656,363,1212,107,372,26,0,13
GA,16/4/2020,3145,8013,,2535,290,320,41,8,10
MD,16/4/2020,47072,57157,,36851,3214,7007,600,11,130
MC,16/4/2020,796,1424,202,585,99,112,10,2,1
NC,16/4/2020,2243,4433,,1781,124,338,29,0,77
PV,16/4/2020,7415,11403,686,5939,484,992,76,6,36
RI,16/4/2020,1564,3547,551,1226,76,262,19,1,5
CE,16/4/2020,17,98,3,9,4,4,0,0,0
ML,16/4/2020,49,104,,44,3,2,1,0,0
AN,17/4/2020,6985,10734,434,5341,677,967,43,2,27
AR,17/4/2020,3018,4551,210,2180,237,601,29,2,39
AS,17/4/2020,1283,2186,180,980,113,190,14,0,4
IB,17/4/2020,1237,1723,24,934,155,148,32,5,14
CN,17/4/2020,1097,2035,0,822,160,115,11,1,4
CB,17/4/2020,1138,1990,,911,78,149,8,0,5
CM,17/4/2020,10520,16349,,8093,514,1913,75,3,61
CL,17/4/2020,8755,15293,,6831,495,1429,313,46,28
CT,17/4/2020,28241,39943,152,22013,2349,3879,771,44,127
VC,17/4/2020,6386,9584,533,4708,636,1042,103,4,43
EX,17/4/2020,1727,2663,468,1240,107,380,28,0,8
GA,17/4/2020,3179,8084,,2554,291,334,19,1,14
MD,17/4/2020,47608,57978,0,37248,3228,7132,397,14,125
MC,17/4/2020,828,1430,217,611,102,115,26,3,3
NC,17/4/2020,2310,4349,230,1829,127,354,48,3,16
PV,17/4/2020,7540,11553,802,6030,490,1020,91,6,28
RI,17/4/2020,1599,3583,667,1249,78,272,23,2,10
CE,17/4/2020,17,100,11,9,4,4,0,0,0
ML,17/4/2020,49,104,0,44,3,2,0,0,0
AN,18/4/2020,7104,10898,491,5424,687,993,83,10,26
AR,18/4/2020,3075,4608,223,2216,240,619,36,3,18
AS,18/4/2020,1299,2203,188,988,114,197,8,1,7
IB,18/4/2020,1265,1739,33,952,158,155,18,3,7
CN,18/4/2020,1106,2047,0,825,162,119,3,2,4
CB,18/4/2020,1155,1949,101,924,78,153,13,0,4
CM,18/4/2020,10618,14588,2037,8137,518,1963,44,4,50
CL,18/4/2020,8937,14644,977,6981,498,1458,150,3,29
CT,18/4/2020,28563,40448,152,22235,2395,3933,222,46,54
VC,18/4/2020,6489,9657,593,4781,643,1065,73,7,23
EX,18/4/2020,1769,2673,519,1278,107,384,38,0,4
GA,18/4/2020,3230,8185,,2590,294,346,36,3,12
MD,18/4/2020,48103,58466,2475,37626,3238,7239,378,10,107
MC,18/4/2020,830,1438,215,612,102,116,1,0,1
NC,18/4/2020,2339,4413,243,1843,127,369,14,0,15
PV,18/4/2020,7647,11731,838,6086,499,1062,56,9,42
RI,18/4/2020,1624,3636,694,1268,79,277,19,1,5
CE,18/4/2020,17,100,12,9,4,4,0,0,0
ML,18/4/2020,49,104,3,44,3,2,0,0,0
AN,19/4/2020,7176,10991,527,5473,690,1013,49,3,20
AR,19/4/2020,3123,4654,232,2244,242,637,28,2,18
AS,19/4/2020,1307,2213,194,993,115,199,5,1,2
IB,19/4/2020,1276,1748,39,960,159,157,8,1,2
CN,19/4/2020,1108,2067,0,826,163,119,1,1,0
CB,19/4/2020,1170,1973,110,934,78,158,10,0,5
CM,19/4/2020,10725,14725,2071,8173,531,2021,36,13,58
CL,19/4/2020,9074,14781,1076,7080,501,1493,99,3,35
CT,19/4/2020,28793,41676,1027,22375,2409,4009,140,14,76
VC,19/4/2020,6552,9708,631,4827,646,1079,46,3,14
EX,19/4/2020,1802,2692,551,1306,107,389,28,0,5
GA,19/4/2020,3257,8299,,2609,296,352,19,2,6
MD,19/4/2020,48569,58673,2663,37970,3248,7351,344,10,112
MC,19/4/2020,832,1440,219,612,103,117,0,1,1
NC,19/4/2020,2369,4449,286,1856,128,385,13,1,16
PV,19/4/2020,7691,11789,839,6109,501,1081,23,2,19
RI,19/4/2020,1646,3664,707,1282,79,285,14,0,8
CE,19/4/2020,17,100,14,9,4,4,0,0,0
ML,19/4/2020,49,104,5,44,3,2,0,0,0
AN,20/4/2020,7218,11095,553,5509,692,1017,36,2,4
AR,20/4/2020,3158,4684,254,2271,244,643,27,2,6
AS,20/4/2020,1318,2220,229,999,116,203,6,1,4
IB,20/4/2020,1303,1766,41,983,159,161,23,0,4
CN,20/4/2020,1121,2085,0,837,164,120,11,1,1
CB,20/4/2020,1191,1998,110,948,78,165,14,0,7
CM,20/4/2020,10808,14936,2109,8199,534,2075,26,3,54
CL,20/4/2020,9198,14951,1308,7174,503,1521,94,2,28
CT,20/4/2020,29385,43112,1027,22796,2437,4152,421,28,143
VC,20/4/2020,6603,9750,649,4866,648,1089,39,2,10
EX,20/4/2020,1831,2692,551,1327,107,397,21,0,8
GA,20/4/2020,3308,8468,,2652,296,360,43,0,8
MD,20/4/2020,48899,59300,2672,38161,3278,7460,191,30,109
MC,20/4/2020,838,1445,251,614,104,120,2,1,3
NC,20/4/2020,2402,4475,356,1877,128,397,21,0,12
PV,20/4/2020,7751,11843,967,6141,507,1103,32,6,22
RI,20/4/2020,1672,3684,799,1297,81,294,15,2,9
CE,20/4/2020,17,100,14,9,4,4,0,0,0
ML,20/4/2020,49,105,5,44,3,2,0,0,0
AN,21/4/2020,7311,11225,654,5565,696,1050,56,4,33
AR,21/4/2020,3206,4761,293,2304,246,656,33,2,13
AS,21/4/2020,1334,2230,277,1007,116,211,8,0,8
IB,21/4/2020,1328,1786,48,1001,163,164,18,4,3
CN,21/4/2020,1126,2094,0,841,164,121,4,0,1
CB,21/4/2020,1201,2012,148,956,78,167,8,0,2
CM,21/4/2020,10920,15053,2268,8243,537,2140,44,3,65
CL,21/4/2020,9323,15141,1698,7264,505,1554,90,2,33
CT,21/4/2020,30002,43802,1027,23295,2460,4247,499,23,95
VC,21/4/2020,6651,9825,746,4896,649,1106,30,1,17
EX,21/4/2020,1860,2692,551,1349,107,404,22,0,7
GA,21/4/2020,3339,8634,,2674,297,368,22,1,8
MD,21/4/2020,49188,59950,2954,38328,3283,7577,167,5,117
MC,21/4/2020,849,1455,262,622,104,123,8,0,3
NC,21/4/2020,2423,4531,427,1894,128,401,17,0,4
PV,21/4/2020,7838,11974,1070,6201,513,1124,60,6,21
RI,21/4/2020,1697,3704,882,1318,81,298,21,0,4
CE,21/4/2020,17,100,24,9,4,4,0,0,0
ML,21/4/2020,49,105,6,44,3,2,0,0,0
AN,22/4/2020,7397,11358,837,5616,702,1079,51,6,29
AR,22/4/2020,3268,4833,404,2340,247,681,36,1,25
AS,22/4/2020,1347,2241,318,1009,116,222,2,0,11
IB,22/4/2020,1348,1805,54,1018,162,168,17,1,4
CN,22/4/2020,1145,2113,0,855,169,121,14,5,0
CB,22/4/2020,1216,2023,183,965,78,173,9,0,6
CM,22/4/2020,11038,15128,2429,8304,546,2188,61,9,48
CL,22/4/2020,9487,15510,1892,7397,508,1582,133,3,28
CT,22/4/2020,30468,44892,1027,23647,2478,4343,352,18,96
VC,22/4/2020,6691,9869,866,4917,650,1124,21,1,18
EX,22/4/2020,1889,2715,651,1375,107,407,26,0,3
GA,22/4/2020,3367,8805,,2694,298,375,20,1,7
MD,22/4/2020,49592,60657,3393,38620,3288,7684,292,5,107
MC,22/4/2020,852,1460,261,624,104,124,2,0,1
NC,22/4/2020,2445,4577,486,1907,129,409,13,1,8
PV,22/4/2020,7943,12094,1342,6260,516,1167,59,3,43
RI,22/4/2020,1716,3741,986,1331,82,303,13,1,5
CE,22/4/2020,17,100,24,9,4,4,0,0,0
ML,22/4/2020,49,106,7,44,3,2,0,0,0
AN,23/4/2020,7496,11486,963,5675,714,1107,59,12,28
AR,23/4/2020,3302,4867,428,2359,248,695,19,1,14
AS,23/4/2020,1357,2245,354,1012,117,228,3,1,6
IB,23/4/2020,1370,1819,57,1036,162,172,18,0,4
CN,23/4/2020,1165,2140,0,868,169,128,13,0,7
CB,23/4/2020,1234,2055,218,978,78,178,13,0,5
CM,23/4/2020,11150,15365,2688,8342,553,2255,38,7,67
CL,23/4/2020,9628,15692,2084,7506,510,1612,109,2,30
CT,23/4/2020,31092,45544,1027,24130,2569,4393,483,91,50
VC,23/4/2020,6743,9939,967,4945,651,1147,28,1,23
EX,23/4/2020,1931,2718,685,1413,107,411,38,0,4
GA,23/4/2020,3390,8932,,2707,301,382,13,3,7
MD,23/4/2020,49907,61099,3535,38837,3305,7765,217,17,81
MC,23/4/2020,855,1468,273,625,105,125,1,1,1
NC,23/4/2020,2461,4581,599,1915,129,417,8,0,8
PV,23/4/2020,8026,12204,1576,6315,518,1193,55,2,26
RI,23/4/2020,1733,3790,1075,1344,82,307,13,0,4
CE,23/4/2020,18,100,25,10,4,4,1,0,0
ML,23/4/2020,49,107,9,44,3,2,0,0,0
AN,24/4/2020,7562,11645,1129,5715,716,1131,40,2,24
AR,24/4/2020,3330,4922,460,2372,249,709,13,1,14
AS,24/4/2020,1372,2249,393,1020,117,235,8,0,7
IB,24/4/2020,1389,1845,60,1053,162,174,17,0,2
CN,24/4/2020,1179,2155,0,878,171,130,10,2,2
CB,24/4/2020,1242,2071,244,982,78,182,4,0,4
CM,24/4/2020,11236,15509,3016,8385,559,2292,43,6,37
CL,24/4/2020,9705,15990,2269,7555,511,1639,49,1,27
CT,24/4/2020,31494,46261,1027,24420,2576,4498,290,7,105
VC,24/4/2020,6803,10066,1057,4978,653,1172,33,2,25
EX,24/4/2020,1970,2718,740,1447,107,416,34,0,5
GA,24/4/2020,3407,9116,,2717,302,388,10,1,6
MD,24/4/2020,50219,61619,3691,39064,3307,7848,227,2,83
MC,24/4/2020,856,1468,288,625,105,126,0,0,1
NC,24/4/2020,2495,4627,647,1937,129,429,22,0,12
PV,24/4/2020,8112,12366,1766,6375,525,1212,60,7,19
RI,24/4/2020,1754,3821,1125,1360,83,311,16,1,4
CE,24/4/2020,18,100,25,10,4,4,0,0,0
ML,24/4/2020,49,108,10,44,3,2,0,0,0
AN,25/4/2020,7608,11712,1260,5747,716,1145,32,0,14
AR,25/4/2020,3358,4955,501,2395,251,712,23,2,3
AS,25/4/2020,1382,2261,441,1022,117,243,2,0,8
IB,25/4/2020,1394,1852,63,1057,162,175,4,0,1
CN,25/4/2020,1182,2167,0,880,171,131,2,0,1
CB,25/4/2020,1252,2083,247,991,78,183,9,0,1
CM,25/4/2020,11312,15609,3386,8417,565,2330,32,6,38
CL,25/4/2020,9834,16222,2462,7653,515,1666,98,4,27
CT,25/4/2020,32814,46811,1027,25665,2583,4566,1245,7,68
VC,25/4/2020,6853,10160,1212,5013,654,1186,35,1,14
EX,25/4/2020,2009,2736,729,1480,107,422,33,0,6
GA,25/4/2020,3421,9176,,2724,303,394,7,1,6
MD,25/4/2020,50447,61855,3691,39217,3308,7922,153,1,74
MC,25/4/2020,860,1474,297,627,106,127,2,1,1
NC,25/4/2020,2502,4712,740,1942,129,431,5,0,2
PV,25/4/2020,8189,12455,1860,6426,533,1230,51,8,18
RI,25/4/2020,1779,3861,1137,1380,84,315,20,1,4
CE,25/4/2020,18,100,31,10,4,4,0,0,0
ML,25/4/2020,49,110,11,44,3,2,0,0,0
AN,26/4/2020,7644,11787,1321,5767,720,1157,20,4,12
AR,26/4/2020,3380,4985,519,2403,251,726,8,0,14
AS,26/4/2020,1393,2263,472,1028,117,248,6,0,5
IB,26/4/2020,1398,1857,63,1057,162,179,0,0,4
CN,26/4/2020,1183,2178,0,881,171,131,1,0,0
CB,26/4/2020,1259,2104,246,995,78,186,4,0,3
CM,26/4/2020,11388,15664,3622,8444,579,2365,27,14,35
CL,26/4/2020,9911,16404,2624,7703,518,1690,50,3,24
CT,26/4/2020,33222,47755,1027,25799,2724,4699,134,141,133
VC,26/4/2020,6877,10180,1232,5032,656,1189,19,2,3
EX,26/4/2020,2025,2749,731,1490,107,428,10,0,6
GA,26/4/2020,3437,9238,,2728,304,405,4,1,11
MD,26/4/2020,50645,61985,4022,39350,3309,7986,133,1,64
MC,26/4/2020,861,1474,297,627,106,128,0,0,1
NC,26/4/2020,2504,4733,753,1942,130,432,0,1,1
PV,26/4/2020,8236,12513,1899,6457,538,1241,31,5,11
RI,26/4/2020,1797,3892,1149,1392,85,320,12,1,5
CE,26/4/2020,18,100,31,10,4,4,0,0,0
ML,26/4/2020,49,110,11,44,3,2,0,0,0
AN,27/4/2020,7681,11836,1359,5792,721,1168,25,1,11
AR,27/4/2020,3412,5004,553,2425,252,735,22,1,9
AS,27/4/2020,1404,2269,537,1035,117,252,7,0,4
IB,27/4/2020,1412,1868,70,1069,162,181,12,0,2
CN,27/4/2020,1207,2187,0,900,174,133,19,3,2
CB,27/4/2020,1266,2115,271,1000,78,188,5,0,2
CM,27/4/2020,11444,15706,3812,8464,584,2396,20,5,31
CL,27/4/2020,10009,16589,2783,7777,522,1710,74,4,20
CT,27/4/2020,33788,48158,1027,26230,2750,4808,431,26,109
VC,27/4/2020,6905,10204,1454,5046,659,1200,14,3,11
EX,27/4/2020,2045,2751,736,1505,107,433,15,0,5
GA,27/4/2020,3451,9328,,2734,305,412,6,1,7
MD,27/4/2020,50809,62579,4205,39423,3338,8048,73,29,62
MC,27/4/2020,865,1475,318,629,106,130,2,0,2
NC,27/4/2020,2507,4759,871,1945,130,432,3,0,0
PV,27/4/2020,8276,12564,2240,6482,539,1255,25,1,14
RI,27/4/2020,1813,3897,1200,1400,87,326,8,2,6
CE,27/4/2020,18,100,34,10,4,4,0,0,0
ML,27/4/2020,49,114,11,44,3,2,0,0,0
AN,28/4/2020,7740,11917,1528,5831,721,1188,39,0,20
AR,28/4/2020,3442,5042,610,2454,252,736,29,0,1
AS,28/4/2020,1417,2284,587,1041,117,259,6,0,7
IB,28/4/2020,1421,1877,71,1074,162,185,5,0,4
CN,28/4/2020,1215,2202,0,906,175,134,6,1,1
CB,28/4/2020,1276,2146,293,1006,79,191,6,1,3
CM,28/4/2020,11547,15785,4010,8523,588,2436,59,4,40
CL,28/4/2020,10114,16690,3161,7854,524,1736,77,2,26
CT,28/4/2020,34219,48654,1027,26546,2768,4905,316,18,97
VC,28/4/2020,6952,10236,1580,5072,662,1218,26,3,18
EX,28/4/2020,2073,2764,749,1526,107,440,21,0,7
GA,28/4/2020,3595,8693,791,2736,308,551,2,3,139
MD,28/4/2020,51310,63079,4381,39850,3355,8105,427,17,57
MC,28/4/2020,871,1480,360,635,106,130,6,0,0
NC,28/4/2020,2529,4794,1090,1951,130,448,6,0,16
PV,28/4/2020,8336,12619,2519,6522,540,1274,40,1,19
RI,28/4/2020,1830,3910,1263,1413,87,330,13,0,4
CE,28/4/2020,18,101,38,10,4,4,0,0,0
ML,28/4/2020,49,114,11,44,3,2,0,0,0
AN,29/4/2020,7801,11949,1675,5873,721,1207,42,0,19
AR,29/4/2020,3468,5091,880,2477,252,739,23,0,3
AS,29/4/2020,1427,2295,627,1047,117,263,6,0,4
IB,29/4/2020,1428,1881,72,1077,163,188,3,1,3
CN,29/4/2020,1219,2205,0,909,175,135,3,0,1
CB,29/4/2020,1277,2173,332,1007,79,191,1,0,0
CM,29/4/2020,11622,15832,4239,8567,592,2463,44,4,27
CL,29/4/2020,10237,16885,3427,7957,528,1752,103,4,16
CT,29/4/2020,34522,48916,1027,26763,2784,4975,217,16,70
VC,29/4/2020,6995,10331,1727,5096,663,1236,24,1,18
EX,29/4/2020,2104,2785,753,1550,108,446,24,1,6
GA,29/4/2020,3608,8731,848,2747,310,551,11,2,0
MD,29/4/2020,51629,63454,4488,40076,3377,8176,226,22,71
MC,29/4/2020,875,1486,408,637,108,130,2,2,0
NC,29/4/2020,2548,4815,1325,1965,132,451,14,2,3
PV,29/4/2020,8398,12701,2818,6561,541,1296,39,1,22
RI,29/4/2020,1844,3918,1288,1424,88,332,11,1,2
CE,29/4/2020,18,101,45,10,4,4,0,0,0
ML,29/4/2020,49,114,11,44,3,2,0,0,0
AN,30/4/2020,7902,12061,1820,5935,729,1238,62,8,31
AR,30/4/2020,3496,5116,987,2494,253,749,17,1,10
AS,30/4/2020,1430,2310,663,1048,118,264,1,1,1
IB,30/4/2020,1441,1892,76,1085,163,193,8,0,5
CN,30/4/2020,1225,2206,0,914,175,136,5,0,1
CB,30/4/2020,1280,2184,363,1009,79,192,2,0,1
CM,30/4/2020,11712,15910,4606,8618,596,2498,51,4,35
CL,30/4/2020,10311,16993,3746,8010,531,1770,53,3,18
CT,30/4/2020,34788,49307,1027,26932,2795,5061,169,11,86
VC,30/4/2020,7065,10347,1862,5126,694,1245,30,31,9
EX,30/4/2020,2124,2811,819,1565,108,451,15,0,5
GA,30/4/2020,3630,8769,848,2759,313,558,12,3,7
MD,30/4/2020,51907,63747,4609,40293,3392,8222,217,15,46
MC,30/4/2020,879,1488,472,638,109,132,1,1,2
NC,30/4/2020,2567,4848,1489,1977,132,458,12,0,7
PV,30/4/2020,8463,12824,3145,6607,544,1312,46,3,16
RI,30/4/2020,1854,3936,1290,1433,88,333,9,0,1
CE,30/4/2020,18,101,50,10,4,4,0,0,0
ML,30/4/2020,49,115,11,44,3,2,0,0,0
AN,1/5/2020,7949,12105,2023,5961,735,1253,26,6,15
AR,1/5/2020,3517,5136,1028,2503,253,761,9,0,12
AS,1/5/2020,1442,2311,686,1052,120,270,4,2,6
IB,1/5/2020,1449,1898,82,1089,163,197,4,0,4
CN,1/5/2020,1233,2212,0,918,175,140,4,0,4
CB,1/5/2020,1281,2201,376,1009,79,193,0,0,1
CM,1/5/2020,11780,15967,5056,8645,601,2534,27,5,36
CL,1/5/2020,10373,17165,3834,8054,531,1788,44,0,18
CT,1/5/2020,34997,49850,1027,27049,2811,5137,117,16,76
VC,1/5/2020,7106,10552,2103,5153,695,1258,27,1,13
EX,1/5/2020,2158,2824,866,1592,108,458,27,0,7
GA,1/5/2020,3645,8804,848,2769,313,563,10,0,5
MD,1/5/2020,52153,63928,4609,40457,3404,8292,164,12,70
MC,1/5/2020,881,1491,475,639,110,132,1,1,0
NC,1/5/2020,2571,4888,1523,1979,132,460,2,0,2
PV,1/5/2020,8531,12899,3232,6659,551,1321,52,7,9
RI,1/5/2020,1861,3947,1292,1439,88,334,6,0,1
CE,1/5/2020,18,101,51,10,4,4,0,0,0
ML,1/5/2020,49,115,11,44,3,2,0,0,0
AN,2/5/2020,7953,12139,2112,5961,736,1256,0,1,3
AR,2/5/2020,3533,5164,1044,2519,253,761,16,0,0
AS,2/5/2020,1445,2313,706,1055,120,270,3,0,0
IB,2/5/2020,1454,1904,82,1094,163,197,5,0,0
CN,2/5/2020,1234,2221,0,919,175,140,1,0,0
CB,2/5/2020,1284,2205,384,1010,79,195,1,0,2
CM,2/5/2020,11845,16017,5273,8676,604,2565,31,3,31
CL,2/5/2020,10418,17283,3946,8085,533,1800,31,2,12
CT,2/5/2020,35286,50234,1027,27257,2844,5185,208,33,48
VC,2/5/2020,7143,10563,2250,5181,698,1264,28,3,6
EX,2/5/2020,2171,2844,868,1603,108,460,11,0,2
GA,2/5/2020,3658,8837,848,2774,315,569,5,2,6
MD,2/5/2020,52350,64045,4609,40597,3421,8332,140,17,40
MC,2/5/2020,885,1492,482,641,110,134,2,0,2
NC,2/5/2020,2581,4902,1525,1986,133,462,7,1,2
PV,2/5/2020,8574,12944,3259,6692,553,1329,33,2,8
RI,2/5/2020,1869,3952,1295,1446,88,335,7,0,1
CE,2/5/2020,18,101,51,10,4,4,0,0,0
ML,2/5/2020,49,117,12,44,3,2,0,0,0
AN,3/5/2020,7974,12156,2155,5973,738,1263,12,2,7
AR,3/5/2020,3541,5188,1051,2526,253,762,7,0,1
AS,3/5/2020,1451,2315,716,1057,120,274,2,0,4
IB,3/5/2020,1457,1904,83,1097,163,197,3,0,0
CN,3/5/2020,1235,2225,0,919,175,141,0,0,1
CB,3/5/2020,1287,2206,390,1011,79,197,1,0,2
CM,3/5/2020,11894,16050,5461,8698,606,2590,22,2,25
CL,3/5/2020,10475,17334,4045,8123,534,1818,38,1,18
CT,3/5/2020,35388,50366,1027,27321,2847,5220,64,3,35
VC,3/5/2020,7173,10575,2383,5204,700,1269,23,2,5
EX,3/5/2020,2186,2849,873,1618,108,460,15,0,0
GA,3/5/2020,3672,8859,848,2782,315,575,8,0,6
MD,3/5/2020,52548,64157,4609,40741,3431,8376,144,10,44
MC,3/5/2020,889,1492,482,645,110,134,4,0,0
NC,3/5/2020,2589,4918,1529,1990,133,466,4,0,4
PV,3/5/2020,8614,12956,3294,6719,554,1341,27,1,12
RI,3/5/2020,1872,3961,1297,1449,88,335,3,0,0
CE,3/5/2020,18,101,51,10,4,4,0,0,0
ML,3/5/2020,49,119,12,44,3,2,0,0,0
AN,4/5/2020,7988,12167,2184,5983,738,1267,10,0,4
AR,4/5/2020,3562,5207,1075,2539,253,770,13,0,8
AS,4/5/2020,1456,2316,743,1061,120,275,4,0,1
IB,4/5/2020,1467,1906,87,1105,164,198,8,1,1
CN,4/5/2020,1238,2231,0,920,176,142,1,1,1
CB,4/5/2020,1292,2207,400,1015,79,198,4,0,1
CM,4/5/2020,11950,16080,5576,8725,609,2616,27,3,26
CL,4/5/2020,10522,17429,4290,8153,537,1832,30,3,14
CT,4/5/2020,35871,50771,1027,27745,2856,5270,424,9,50
VC,4/5/2020,7194,10617,2383,5214,701,1279,10,1,10
EX,4/5/2020,2199,2852,876,1629,108,462,11,0,2
GA,4/5/2020,3688,8881,902,2792,317,579,10,2,4
MD,4/5/2020,52713,64489,4689,40851,3442,8420,110,11,44
MC,4/5/2020,897,1496,555,650,111,136,5,1,2
NC,4/5/2020,2600,4936,1625,1995,134,471,5,1,5
PV,4/5/2020,8645,12987,3461,6736,556,1353,17,2,12
RI,4/5/2020,1878,3967,1303,1452,90,336,3,2,1
CE,4/5/2020,18,101,54,10,4,4,0,0,0
ML,4/5/2020,49,119,12,44,3,2,0,0,0
AN,5/5/2020,8033,12190,2403,6012,740,1281,29,2,14
AR,5/5/2020,3593,5231,1151,2552,253,788,13,0,18
AS,5/5/2020,1466,2322,768,1068,120,278,7,0,3
IB,5/5/2020,1480,1917,92,1117,164,199,12,0,1
CN,5/5/2020,1239,2231,0,920,176,143,0,0,1
CB,5/5/2020,1296,2213,413,1018,79,199,3,0,1
CM,5/5/2020,12024,16144,6022,8765,612,2647,40,3,31
CL,5/5/2020,10631,17520,4636,8246,538,1847,93,1,15
CT,5/5/2020,36301,50924,1166,28085,2871,5345,340,15,75
VC,5/5/2020,7217,10659,2527,5225,701,1291,11,0,12
EX,5/5/2020,2221,2865,881,1650,108,463,21,0,1
GA,5/5/2020,3718,8901,1095,2811,319,588,19,2,9
MD,5/5/2020,52962,64820,4689,41031,3465,8466,180,23,46
MC,5/5/2020,897,1498,635,650,111,136,0,0,0
NC,5/5/2020,2616,4966,1804,2005,135,476,10,1,5
PV,5/5/2020,8704,13021,3671,6781,559,1364,45,3,11
RI,5/5/2020,1886,3980,1342,1458,91,337,6,1,1
CE,5/5/2020,18,109,55,10,4,4,0,0,0
ML,5/5/2020,49,119,12,44,3,2,0,0,0
AN,6/5/2020,8063,12222,2602,6027,742,1294,15,2,13
AR,6/5/2020,3619,5258,1258,2564,255,800,12,2,12
AS,6/5/2020,1472,2330,773,1072,121,279,4,1,1
IB,6/5/2020,1486,1925,94,1121,164,201,4,0,2
CN,6/5/2020,1241,2235,0,921,176,144,1,0,1
CB,6/5/2020,1299,2220,422,1020,79,200,2,0,1
CM,6/5/2020,12086,16184,6383,8796,613,2677,31,1,30
CL,6/5/2020,10705,17625,4912,8300,541,1864,54,3,17
CT,6/5/2020,36533,51190,1315,28248,2891,5394,163,20,49
VC,6/5/2020,7259,10694,2719,5252,704,1303,27,3,12
EX,6/5/2020,2239,2877,931,1664,108,467,14,0,4
GA,6/5/2020,3744,8919,1158,2833,320,591,22,1,3
MD,6/5/2020,53148,65093,4792,41159,3485,8504,128,20,38
MC,6/5/2020,900,1501,691,652,111,137,2,0,1
NC,6/5/2020,2630,4983,2027,2015,135,480,10,0,4
PV,6/5/2020,8741,13054,3918,6797,561,1383,16,2,19
RI,6/5/2020,1892,3986,1344,1463,91,338,5,0,1
CE,6/5/2020,18,109,56,10,4,4,0,0,0
ML,6/5/2020,49,119,13,44,3,2,0,0,0
AN,7/5/2020,8081,12239,2763,6038,742,1301,11,0,7
AR,7/5/2020,3648,5274,1301,2578,255,815,14,0,15
AS,7/5/2020,1477,2338,821,1076,121,280,4,0,1
IB,7/5/2020,1487,1931,94,1121,164,202,0,0,1
CN,7/5/2020,1251,2240,,927,176,148,6,0,4
CB,7/5/2020,1302,2232,433,1022,79,201,2,0,1
CM,7/5/2020,12158,16237,6671,8828,617,2713,32,4,36
CL,7/5/2020,10776,17716,5210,8357,543,1876,57,2,12
CT,7/5/2020,37028,51733,1476,28608,2949,5471,360,58,77
VC,7/5/2020,7302,10725,2888,5287,706,1309,35,2,6
EX,7/5/2020,2259,2900,953,1678,109,472,14,1,5
GA,7/5/2020,3765,8952,1269,2852,321,592,19,1,1
MD,7/5/2020,53349,65333,4792,41304,3493,8552,145,8,48
MC,7/5/2020,908,1504,748,659,112,137,7,1,0
NC,7/5/2020,2634,5006,2221,2015,135,484,0,0,4
PV,7/5/2020,8774,13104,4185,6818,566,1390,21,5,7
RI,7/5/2020,1902,3992,1363,1469,91,342,6,0,4
CE,7/5/2020,19,109,59,11,4,4,1,0,0
ML,7/5/2020,49,119,13,44,3,2,0,0,0
AN,8/5/2020,8131,12250,2930,6069,745,1317,31,3,16
AR,8/5/2020,3661,5291,1365,2583,255,823,5,0,8
AS,8/5/2020,1478,2344,841,1077,121,280,1,0,0
IB,8/5/2020,1493,1940,98,1121,165,207,0,1,5
CN,8/5/2020,1261,2250,0,935,178,148,8,2,0
CB,8/5/2020,1303,2241,440,1023,79,201,1,0,0
CM,8/5/2020,12226,16278,7015,8867,621,2738,39,4,25
CL,8/5/2020,10825,17822,5630,8394,546,1885,37,3,9
CT,8/5/2020,37144,51935,1643,28687,2950,5507,79,1,36
VC,8/5/2020,7341,10760,3015,5317,709,1315,30,3,6
EX,8/5/2020,2281,2907,979,1695,109,477,17,0,5
GA,8/5/2020,3794,8964,1358,2876,323,595,24,2,3
MD,8/5/2020,53542,65555,4852,41436,3508,8598,132,15,46
MC,8/5/2020,912,1506,757,662,112,138,3,0,1
NC,8/5/2020,2643,5039,2403,2021,135,487,6,0,3
PV,8/5/2020,8836,13161,4442,6865,568,1403,47,2,13
RI,8/5/2020,1908,4000,1365,1473,91,344,4,0,2
CE,8/5/2020,19,110,59,11,4,4,0,0,0
ML,8/5/2020,49,119,13,44,3,2,0,0,0
AN,9/5/2020,8145,12267,3088,6080,745,1320,11,0,3
AR,9/5/2020,3667,5316,1386,2588,255,824,5,0,1
AS,9/5/2020,1484,2346,854,1080,121,283,3,0,3
IB,9/5/2020,1495,1946,105,1121,165,209,0,0,2
CN,9/5/2020,1261,2258,0,935,178,148,0,0,0
CB,9/5/2020,1307,2244,440,1027,79,201,4,0,0
CM,9/5/2020,12277,16343,7319,8895,623,2759,28,2,21
CL,9/5/2020,10911,17952,5869,8468,546,1897,74,0,12
CT,9/5/2020,37267,52162,1643,28784,2951,5532,97,1,25
VC,9/5/2020,7393,10770,3127,5354,716,1323,37,7,8
EX,9/5/2020,2300,2912,991,1711,109,480,16,0,3
GA,9/5/2020,3807,8981,1389,2886,325,596,10,2,1
MD,9/5/2020,53723,65641,4875,41559,3520,8644,123,12,46
MC,9/5/2020,913,1508,821,662,112,139,0,0,1
NC,9/5/2020,2646,5052,2403,2023,135,488,2,0,1
PV,9/5/2020,8891,13193,4521,6902,571,1418,37,3,15
RI,9/5/2020,1911,4008,1370,1474,91,346,1,0,2
CE,9/5/2020,19,110,59,11,4,4,0,0,0
ML,9/5/2020,49,119,13,44,3,2,0,0,0
AN,10/5/2020,8159,12285,3137,6092,745,1322,12,0,2
AR,10/5/2020,3675,5336,1395,2595,255,825,7,0,1
AS,10/5/2020,1489,2350,866,1080,121,288,0,0,5
IB,10/5/2020,1495,1949,105,1121,165,209,0,0,0
CN,10/5/2020,1263,2260,0,936,178,149,1,0,1
CB,10/5/2020,1307,2245,440,1027,79,201,0,0,0
CM,10/5/2020,12328,16387,7482,8918,624,2786,23,1,27
CL,10/5/2020,10934,17995,5996,8482,547,1905,14,1,8
CT,10/5/2020,37327,54807,1643,28820,2952,5555,36,1,23
VC,10/5/2020,7401,10776,3152,5355,716,1330,1,0,7
EX,10/5/2020,2317,2918,1001,1725,109,483,14,0,3
GA,10/5/2020,3825,8999,1389,2902,326,597,16,1,1
MD,10/5/2020,53862,65693,4877,41650,3529,8683,91,9,39
MC,10/5/2020,916,1517,815,665,112,139,3,0,0
NC,10/5/2020,2654,5065,2421,2029,135,490,6,0,2
PV,10/5/2020,8918,13203,4542,6922,573,1423,20,2,5
RI,10/5/2020,1912,4008,1374,1475,91,346,1,0,0
CE,10/5/2020,19,110,59,11,4,4,0,0,0
ML,10/5/2020,49,119,13,44,3,2,0,0,0
AN,11/5/2020,8172,12293,3229,6101,745,1326,9,0,4
AR,11/5/2020,3689,5359,1438,2606,255,828,11,0,3
AS,11/5/2020,1491,2352,875,1080,121,290,0,0,2
IB,11/5/2020,1498,1949,105,1122,166,210,1,1,1
CN,11/5/2020,1266,2268,0,937,178,151,1,0,2
CB,11/5/2020,1309,2246,445,1027,79,203,0,0,2
CM,11/5/2020,12380,16431,7620,8940,629,2811,22,5,25
CL,11/5/2020,10954,18048,6122,8493,547,1914,11,0,9
CT,11/5/2020,37711,55144,1643,29138,2952,5621,318,0,66
VC,11/5/2020,7413,10793,3197,5360,717,1336,5,1,6
EX,11/5/2020,2333,2919,1001,1737,109,487,12,0,4
GA,11/5/2020,3829,9003,1446,2905,326,598,3,0,1
MD,11/5/2020,53998,65887,4877,41735,3543,8720,85,14,37
MC,11/5/2020,916,1517,816,665,112,139,0,0,0
NC,11/5/2020,2667,5081,2556,2039,135,493,10,0,3
PV,11/5/2020,8932,13231,4664,6929,574,1429,7,1,6
RI,11/5/2020,1916,4008,1384,1478,91,347,3,0,1
CE,11/5/2020,19,114,59,11,4,4,0,0,0
ML,11/5/2020,49,119,13,44,3,2,0,0,0
AN,12/5/2020,8196,12317,3312,6114,750,1332,13,5,6
AR,12/5/2020,3698,5372,1484,2614,255,829,8,0,1
AS,12/5/2020,1493,2356,896,1080,121,292,0,0,2
IB,12/5/2020,1510,1953,106,1127,168,215,5,2,5
CN,12/5/2020,1266,2271,0,937,178,151,0,0,0
CB,12/5/2020,1313,2256,477,1029,79,205,2,0,2
CM,12/5/2020,12430,16453,7732,8963,632,2835,23,3,24
CL,12/5/2020,10983,18105,6157,8517,547,1919,24,0,5
CT,12/5/2020,37912,55287,1643,29267,2953,5692,129,1,71
VC,12/5/2020,7428,10816,3285,5370,717,1341,10,0,5
EX,12/5/2020,2352,2921,1001,1754,109,489,17,0,2
GA,12/5/2020,3835,9014,1481,2909,327,599,4,1,1
MD,12/5/2020,54171,66106,4958,41856,3555,8760,121,12,40
MC,12/5/2020,920,1525,873,666,112,142,1,0,3
NC,12/5/2020,2671,5094,2658,2042,135,494,3,0,1
PV,12/5/2020,8972,13260,4881,6955,575,1442,26,1,13
RI,12/5/2020,1920,4009,1388,1481,91,348,3,0,1
CE,12/5/2020,19,114,59,11,4,4,0,0,0
ML,12/5/2020,49,119,13,44,3,2,0,0,0
AN,13/5/2020,8215,12359,3464,6128,751,1336,14,1,4
AR,13/5/2020,3716,5389,1554,2625,255,836,11,0,7
AS,13/5/2020,1498,2357,910,1084,121,293,4,0,1
IB,13/5/2020,1511,1954,106,1127,168,216,0,0,1
CN,13/5/2020,1266,2275,0,937,178,151,0,0,0
CB,13/5/2020,1314,2256,483,1030,79,205,1,0,0
CM,13/5/2020,12466,16470,7861,8980,634,2852,17,2,17
CL,13/5/2020,11033,18173,6206,8560,548,1925,43,1,6
CT,13/5/2020,38082,55313,1643,29305,2954,5823,38,1,131
VC,13/5/2020,7455,10832,3370,5389,717,1349,19,0,8
EX,13/5/2020,2362,2925,1001,1761,109,492,7,0,3
GA,13/5/2020,3845,9030,1515,2915,327,603,6,0,4
MD,13/5/2020,54305,66315,4958,41962,3564,8779,106,9,19
MC,13/5/2020,926,1532,905,672,112,142,6,0,0
NC,13/5/2020,2678,5105,2786,2045,135,498,3,0,4
PV,13/5/2020,9025,13303,4881,6994,577,1454,39,2,12
RI,13/5/2020,1923,4014,1391,1484,91,348,3,0,0
CE,13/5/2020,19,116,59,11,4,4,0,0,0
ML,13/5/2020,49,119,13,44,3,2,0,0,0
AN,14/5/2020,8244,12401,3667,6146,754,1344,18,3,8
AR,14/5/2020,3729,5432,1583,2637,255,837,12,0,1
AS,14/5/2020,1506,2364,936,1087,121,298,3,0,5
IB,14/5/2020,1516,1963,106,1132,168,216,5,0,0
CN,14/5/2020,1267,2280,0,938,178,151,1,0,0
CB,14/5/2020,1316,2263,498,1031,79,206,1,0,1
CM,14/5/2020,12506,16513,8014,9001,635,2870,21,1,18
CL,14/5/2020,11073,18272,6226,8595,548,1930,35,0,5
CT,14/5/2020,38176,55562,1643,29339,2955,5882,34,1,59
VC,14/5/2020,7494,10859,3579,5415,721,1358,26,4,9
EX,14/5/2020,2375,2933,1001,1772,109,494,11,0,2
GA,14/5/2020,3856,9036,1569,2921,332,603,6,5,0
MD,14/5/2020,54440,66523,5093,42057,3574,8809,95,10,30
MC,14/5/2020,930,1534,943,675,112,143,3,0,1
NC,14/5/2020,2681,5116,2966,2045,136,500,0,1,2
PV,14/5/2020,9041,13332,4881,7009,578,1454,15,1,0
RI,14/5/2020,1927,4016,1393,1488,91,348,4,0,0
CE,14/5/2020,19,116,59,11,4,4,0,0,0
ML,14/5/2020,49,119,13,44,3,2,0,0,0
AN,15/5/2020,8274,12420,3843,6161,758,1355,15,4,11
AR,15/5/2020,3741,5456,1669,2648,255,838,11,0,1
AS,15/5/2020,1507,2366,961,1087,121,299,0,0,1
IB,15/5/2020,1516,1980,105,1132,168,216,0,0,0
CN,15/5/2020,1268,2284,0,939,178,151,1,0,0
CB,15/5/2020,1317,2265,505,1032,79,206,1,0,0
CM,15/5/2020,12546,16587,8189,9027,636,2883,26,1,13
CL,15/5/2020,11138,18369,6226,8649,549,1940,54,1,10
CT,15/5/2020,38210,55685,1643,29339,2956,5915,0,1,33
VC,15/5/2020,7522,10885,3686,5435,722,1365,20,1,7
EX,15/5/2020,2378,2944,1001,1772,109,497,0,0,3
GA,15/5/2020,3859,9041,1893,2923,332,604,2,0,1
MD,15/5/2020,54560,66639,5293,42157,3577,8826,100,3,17
MC,15/5/2020,932,1542,1004,676,112,144,1,0,1
NC,15/5/2020,2682,5137,3098,2045,136,501,0,0,1
PV,15/5/2020,9044,13348,5216,7011,578,1455,2,0,1
RI,15/5/2020,1929,4020,1393,1490,91,348,2,0,0
CE,15/5/2020,19,116,59,11,4,4,0,0,0
ML,15/5/2020,49,119,13,44,3,2,0,0,0
AN,16/5/2020,8292,12450,3982,6174,760,1358,13,2,3
AR,16/5/2020,3748,5478,1699,2655,255,838,7,0,0
AS,16/5/2020,1507,2366,978,1087,121,299,0,0,0
IB,16/5/2020,1520,1989,105,1134,168,218,2,0,2
CN,16/5/2020,1268,2289,0,939,178,151,0,0,0
CB,16/5/2020,1319,2268,505,1033,79,207,1,0,1
CM,16/5/2020,12584,16618,8290,9054,637,2893,27,1,10
CL,16/5/2020,11186,18470,6226,8690,550,1946,41,1,6
CT,16/5/2020,38301,55824,1643,29400,2957,5944,61,1,29
VC,16/5/2020,7543,10914,3787,5454,723,1366,19,1,1
EX,16/5/2020,2385,2947,1001,1775,110,500,3,1,3
GA,16/5/2020,3864,9051,1909,2926,332,606,3,0,2
MD,16/5/2020,54658,66663,5293,42227,3584,8847,70,7,21
MC,16/5/2020,932,1551,1015,676,112,144,0,0,0
NC,16/5/2020,2684,5148,3145,2045,136,503,0,0,2
PV,16/5/2020,9052,13364,5326,7015,578,1459,4,0,4
RI,16/5/2020,1936,4024,1393,1496,91,349,6,0,1
CE,16/5/2020,19,116,59,11,4,4,0,0,0
ML,16/5/2020,49,121,13,44,3,2,0,0,0
AN,17/5/2020,8296,12458,3999,6178,760,1358,4,0,0
AR,17/5/2020,3752,5503,1698,2659,255,838,4,0,0
AS,17/5/2020,1510,2370,985,1088,121,301,1,0,2
IB,17/5/2020,1520,1991,105,1134,168,218,0,0,0
CN,17/5/2020,1273,2294,0,942,178,153,3,0,2
CB,17/5/2020,1321,2271,503,1035,79,207,2,0,0
CM,17/5/2020,12601,16648,8366,9066,637,2898,12,0,5
CL,17/5/2020,11221,18512,6234,8717,551,1953,27,1,7
CT,17/5/2020,38334,55921,1643,29421,2957,5956,21,0,12
VC,17/5/2020,7564,10926,3810,5469,725,1370,15,2,4
EX,17/5/2020,2385,2948,1001,1775,110,500,0,0,0
GA,17/5/2020,3873,9056,1926,2934,332,607,8,0,1
MD,17/5/2020,54740,66702,5293,42283,3594,8863,56,10,16
MC,17/5/2020,935,1556,1039,678,112,145,2,0,1
NC,17/5/2020,2684,5178,3157,2045,136,503,0,0,0
PV,17/5/2020,9060,13371,5358,7016,578,1466,1,0,7
RI,17/5/2020,1938,4024,1393,1496,91,351,0,0,2
CE,17/5/2020,19,116,59,11,4,4,0,0,0
ML,17/5/2020,49,121,13,44,3,2,0,0,0
AN,18/5/2020,8309,12489,3999,6182,760,1367,4,0,9
AR,18/5/2020,3765,5520,1751,2667,255,843,8,0,5
AS,18/5/2020,1512,2373,985,1088,121,303,0,0,2
IB,18/5/2020,1524,2003,106,1137,168,219,3,0,1
CN,18/5/2020,1275,2294,0,942,178,155,0,0,2
CB,18/5/2020,1322,2273,509,1035,79,208,0,0,1
CM,18/5/2020,12620,16677,8397,9082,638,2900,16,1,2
CL,18/5/2020,11240,18549,6285,8729,551,1960,12,0,7
CT,18/5/2020,38400,55825,1643,29459,2960,5981,38,3,25
VC,18/5/2020,7841,10927,3810,5738,727,1376,269,2,6
EX,18/5/2020,2393,3038,1001,1779,110,504,4,0,4
GA,18/5/2020,3874,9058,1966,2935,332,607,1,0,0
MD,18/5/2020,54844,66828,5293,42350,3600,8894,67,6,31
MC,18/5/2020,936,1558,1039,679,112,145,1,0,0
NC,18/5/2020,2684,5183,3157,2045,136,503,0,0,0
PV,18/5/2020,9069,13386,5358,7021,578,1470,5,0,4
RI,18/5/2020,1941,4027,1395,1498,91,352,2,0,1
CE,18/5/2020,19,117,59,11,4,4,0,0,0
ML,18/5/2020,49,121,13,44,3,2,0,0,0
AN,19/5/2020,8331,12502,3999,6196,764,1371,14,4,4
AR,19/5/2020,3536,5551,1751,2434,255,847,233,0,4
AS,19/5/2020,1514,2374,985,1089,121,304,1,0,1
IB,19/5/2020,1531,2016,106,1142,168,221,5,0,2
CN,19/5/2020,1277,2300,0,943,179,155,1,1,0
CB,19/5/2020,1324,2277,510,1036,79,209,1,0,1
CM,19/5/2020,12674,16739,8546,9122,639,2913,40,1,13
CL,19/5/2020,11249,18586,6290,8734,555,1960,5,4,0
CT,19/5/2020,38487,55888,1643,29497,2969,6021,38,9,40
VC,19/5/2020,7847,10949,3810,5742,727,1378,4,0,2
EX,19/5/2020,2394,3040,1001,1780,110,504,1,0,0
GA,19/5/2020,3880,9067,2014,2939,334,607,4,2,0
MD,19/5/2020,54944,66967,5293,42422,3610,8912,72,10,18
MC,19/5/2020,939,1560,1039,679,112,148,0,0,3
NC,19/5/2020,2687,5192,3157,2048,136,503,3,0,0
PV,19/5/2020,9082,13412,5358,7024,578,1480,3,0,10
RI,19/5/2020,1943,4033,1395,1499,91,353,1,0,1
CE,19/5/2020,19,119,59,11,4,4,0,0,0
ML,19/5/2020,49,121,13,44,3,2,0,0,0
AN,20/5/2020,8351,12547,3999,6210,766,1375,14,2,4
AR,20/5/2020,3546,5588,1751,2442,256,848,8,1,1
AS,20/5/2020,1517,2374,985,1089,121,307,0,0,3
IB,20/5/2020,1534,2024,107,1144,169,221,2,1,0
CN,20/5/2020,1278,2307,0,944,179,155,1,0,0
CB,20/5/2020,1324,2279,519,1036,79,209,0,0,0
CM,20/5/2020,12696,16789,8634,9138,639,2919,16,0,6
CL,20/5/2020,11256,18627,6291,8735,561,1960,1,6,0
CT,20/5/2020,38487,55888,1643,29497,2969,6021,0,0,0
VC,20/5/2020,7860,10987,3810,5747,730,1383,5,3,5
EX,20/5/2020,2395,3042,1001,1780,110,505,0,0,1
GA,20/5/2020,3885,9077,2026,2943,334,608,4,0,1
MD,20/5/2020,55045,67049,5293,42497,3617,8931,75,7,19
MC,20/5/2020,941,1570,1039,680,112,149,1,0,1
NC,20/5/2020,2690,5195,3157,2048,136,506,0,0,3
PV,20/5/2020,9093,13421,5358,7032,578,1483,8,0,3
RI,20/5/2020,1949,4033,1395,1504,91,354,5,0,1
CE,20/5/2020,19,119,59,11,4,4,0,0,0
ML,20/5/2020,49,121,13,44,3,2,0,0,0
AN,15/7/2020,8486,985,,6330,774,1382,120,8,7
AR,15/7/2020,3702,1626,,2575,267,860,133,11,12
AS,15/7/2020,1541,61,,1107,121,313,18,0,6
IB,15/7/2020,1560,273,,1169,170,221,25,1,0
CN,15/7/2020,1304,188,,963,184,157,19,5,2
CB,15/7/2020,1343,112,,1054,80,209,18,1,0
CM,15/7/2020,12915,1400,,9325,657,2933,187,18,14
CL,15/7/2020,11528,1327,,8953,574,2001,218,13,41
CT,15/7/2020,38930,9598,,29865,2994,6071,368,25,50
VC,15/7/2020,7956,708,,5830,737,1389,83,7,6
EX,15/7/2020,2413,291,,1794,111,508,14,1,3
GA,15/7/2020,3921,440,,2974,337,610,31,3,2
MD,15/7/2020,55877,4548,,43223,3672,8982,726,55,51
MC,15/7/2020,962,174,,699,113,150,19,1,1
NC,15/7/2020,2711,467,,2066,139,506,18,3,0
PV,15/7/2020,9184,648,,7106,581,1497,74,3,14
RI,15/7/2020,1968,96,,1519,91,358,15,0,4
CE,15/7/2020,22,48,,14,4,4,3,0,0
ML,15/7/2020,51,7,,46,3,2,2,0,0
AN,17/7/2020,8492,1143,,6334,776,1382,4,2,0
AR,17/7/2020,3718,2154,,2591,267,860,16,0,0
AS,17/7/2020,1541,61,,1107,121,313,0,0,0
IB,17/7/2020,1561,292,,1170,170,221,1,0,0
CN,17/7/2020,1304,205,,963,184,157,0,0,0
CB,17/7/2020,1345,115,,1055,80,210,1,0,1
CM,17/7/2020,12927,1430,,9336,657,2934,11,0,1
CL,17/7/2020,11530,1362,,8955,574,2001,2,0,0
CT,17/7/2020,38955,10970,,29890,2994,6071,25,0,0
VC,17/7/2020,7959,784,,5833,737,1389,3,0,0
EX,17/7/2020,2414,300,,1795,111,508,1,0,0
GA,17/7/2020,3924,463,,2977,337,610,3,0,0
MD,17/7/2020,55900,4746,,43241,3675,8984,18,3,2
MC,17/7/2020,969,194,,705,114,150,6,1,0
NC,17/7/2020,2711,473,,2066,139,506,0,0,0
PV,17/7/2020,9189,779,,7110,582,1497,4,1,0
RI,17/7/2020,1971,101,,1522,91,358,3,0,0
CE,17/7/2020,22,48,,14,4,4,0,0,0
ML,17/7/2020,51,8,,46,3,2,0,0,0
AN,23/7/2020,8518,1626,,6359,777,1382,25,1,0
AR,23/7/2020,3788,3980,,2659,269,860,68,2,0
AS,23/7/2020,1543,71,,1109,121,313,2,0,0
IB,23/7/2020,1565,333,,1174,170,221,4,0,0
CN,23/7/2020,1306,291,,965,184,157,2,0,0
CB,23/7/2020,1347,144,,1056,81,210,1,1,0
CM,23/7/2020,12941,1509,,9350,657,2934,14,0,0
CL,23/7/2020,11550,1473,,8971,575,2004,16,1,3
CT,23/7/2020,39006,15551,,29935,2998,6073,45,4,2
VC,23/7/2020,7984,1171,,5857,737,1390,24,0,1
EX,23/7/2020,2419,380,,1799,112,508,4,1,0
GA,23/7/2020,3933,523,,2985,338,610,8,1,0
MD,23/7/2020,55961,5447,,43298,3675,8988,57,0,4
MC,23/7/2020,973,289,,709,114,150,4,0,0
NC,23/7/2020,2720,927,,2073,140,507,7,1,1
PV,23/7/2020,9206,1557,,7126,583,1497,16,1,0
RI,23/7/2020,1971,154,,1522,91,358,0,0,0
CE,23/7/2020,22,48,,14,4,4,0,0,0
ML,23/7/2020,51,8,,46,3,2,0,0,0
AN,30/7/2020,8567,2333,,6403,782,1382,44,5,0
AR,30/7/2020,3952,6680,,2820,272,860,161,3,0
AS,30/7/2020,1543,122,,1109,121,313,0,0,0
IB,30/7/2020,1574,426,,1181,172,221,7,2,0
CN,30/7/2020,1318,344,,977,184,157,12,0,0
CB,30/7/2020,1349,187,,1058,81,210,2,0,0
CM,30/7/2020,12945,1673,,9350,660,2935,0,3,1
CL,30/7/2020,11576,1694,,8993,577,2006,22,2,2
CT,30/7/2020,39088,21972,,30005,3004,6079,70,6,6
VC,30/7/2020,8035,2072,,5903,740,1392,46,3,2
EX,30/7/2020,2429,433,,1806,114,509,7,2,1
GA,30/7/2020,3941,654,,2993,338,610,8,0,0
MD,30/7/2020,56056,7212,,43387,3679,8990,89,4,2
MC,30/7/2020,983,674,,718,115,150,9,1,0
NC,30/7/2020,2737,1470,,2090,140,507,17,0,0
PV,30/7/2020,9231,2536,,7148,584,1499,22,1,2
RI,30/7/2020,1972,184,,1523,91,358,1,0,0
CE,30/7/2020,22,50,,14,4,4,0,0,0
ML,30/7/2020,51,8,,46,3,2,0,0,0
AN,6/8/2020,8663,3716,,6490,788,1385,87,6,3
AR,6/8/2020,4430,13365,,3256,292,882,436,20,22
AS,6/8/2020,1544,239,,1109,122,313,0,1,0
IB,6/8/2020,1589,824,,1196,172,221,15,0,0
CN,6/8/2020,1326,464,,985,184,157,8,0,0
CB,6/8/2020,1369,354,,1076,83,210,18,2,0
CM,6/8/2020,12958,2029,,9359,662,2937,9,2,2
CL,6/8/2020,11615,2403,,9029,578,2008,36,1,2
CT,6/8/2020,39246,28635,,30138,3012,6096,133,8,17
VC,6/8/2020,8124,3274,,5983,747,1394,80,7,2
EX,6/8/2020,2436,595,,1812,115,509,6,1,0
GA,6/8/2020,3960,896,,3011,339,610,18,1,0
MD,6/8/2020,56192,10906,,43508,3689,8995,121,10,5
MC,6/8/2020,1030,1108,,759,121,150,41,6,0
NC,6/8/2020,2763,1923,,2113,143,507,23,3,0
PV,6/8/2020,9248,4129,,7164,585,1499,16,1,0
RI,6/8/2020,1976,209,,1527,91,358,4,0,0
CE,6/8/2020,22,50,,14,4,4,0,0,0
ML,6/8/2020,52,27,,47,3,2,1,0,0
AN,13/8/2020,8774,5911,,6586,796,1392,96,8,7
AR,13/8/2020,4745,14334,,3497,312,936,241,20,54
AS,13/8/2020,1549,393,,1114,122,313,5,0,0
IB,13/8/2020,1617,1781,,1220,175,222,24,3,1
CN,13/8/2020,1364,928,,1018,187,159,33,3,2
CB,13/8/2020,1393,600,,1094,86,213,18,3,3
CM,13/8/2020,12968,2713,,9364,664,2940,5,2,3
CL,13/8/2020,11702,3863,,9107,583,2012,78,5,4
CT,13/8/2020,39404,34548,,30280,3022,6102,142,10,6
VC,13/8/2020,8257,5128,,6104,754,1399,121,7,5
EX,13/8/2020,2446,804,,1820,115,511,8,0,2
GA,13/8/2020,4004,1574,,3049,341,614,38,2,4
MD,13/8/2020,56509,18383,,43796,3705,9008,288,16,13
MC,13/8/2020,1071,1637,,797,123,151,38,2,1
NC,13/8/2020,2798,2633,,2142,147,509,29,4,2
PV,13/8/2020,9263,1413,,7174,586,1503,10,1,4
RI,13/8/2020,1980,368,,1531,91,358,4,0,0
CE,13/8/2020,24,53,,16,4,4,2,0,0
ML,13/8/2020,54,62,,49,3,2,2,0,0
AN,20/8/2020,8961,8915,,6749,809,1403,163,13,11
AR,20/8/2020,5110,17664,,3744,329,1037,247,17,101
AS,20/8/2020,1552,569,,1117,122,313,3,0,0
IB,20/8/2020,1651,3100,,1246,181,224,26,6,2
CN,20/8/2020,1457,1833,,1096,200,161,78,13,2
CB,20/8/2020,1420,971,,1119,87,214,25,1,1
CM,20/8/2020,13004,3825,,9398,665,2941,34,1,1
CL,20/8/2020,11837,5865,,9228,591,2018,121,8,6
CT,20/8/2020,39602,40877,,30454,3033,6115,174,11,13
VC,20/8/2020,8453,7481,,6284,766,1403,180,12,4
EX,20/8/2020,2464,1166,,1837,115,512,17,0,1
GA,20/8/2020,4091,2620,,3127,348,616,78,7,2
MD,20/8/2020,57118,31142,,44331,3724,9063,535,19,55
MC,20/8/2020,1146,2317,,862,130,154,65,7,3
NC,20/8/2020,2843,3291,,2182,151,510,40,4,1
PV,20/8/2020,9308,9814,,7212,588,1508,38,2,5
RI,20/8/2020,1990,779,,1540,91,359,9,0,1
CE,20/8/2020,25,86,,17,4,4,1,0,0
ML,20/8/2020,58,96,,53,3,2,4,0,0
AN,9/9/2020,10203,25312,,7813,893,1497,1064,84,94
AR,9/9/2020,5845,23253,,4328,367,1150,584,38,113
AS,9/9/2020,1613,1375,,1169,127,317,52,5,4
IB,9/9/2020,1933,8135,,1474,212,247,228,31,23
CN,9/9/2020,1945,7363,,1487,274,184,391,74,23
CB,9/9/2020,1511,2778,,1201,90,220,82,3,6
CM,9/9/2020,13119,10809,,9494,670,2955,96,5,14
CL,9/9/2020,12516,14310,,9800,636,2080,572,45,62
CT,9/9/2020,40123,63358,,30898,3059,6166,444,26,51
VC,9/9/2020,9288,18080,,6990,840,1458,706,74,55
EX,9/9/2020,2595,3295,,1936,132,527,99,17,15
GA,9/9/2020,4544,7625,,3508,382,654,381,34,38
MD,9/9/2020,59435,83725,,46316,3801,9318,1985,77,255
MC,9/9/2020,1727,7820,,1365,196,166,503,66,12
NC,9/9/2020,3052,6419,,2367,167,518,185,16,8
PV,9/9/2020,9368,21485,,7248,591,1529,36,3,21
RI,9/9/2020,2142,2363,,1666,104,372,126,13,13
CE,9/9/2020,38,246,,26,5,7,9,1,3
ML,9/9/2020,76,387,,68,5,3,15,2,1
AN,16/9/2020,10886,32009,,8372,937,1577,559,44,80
AR,16/9/2020,6294,25832,,4667,387,1240,339,20,90
AS,16/9/2020,1646,1785,,1194,133,319,25,6,2
IB,16/9/2020,2069,9451,,1583,221,265,109,9,18
CN,16/9/2020,2128,8879,,1625,303,200,138,29,16
CB,16/9/2020,1574,3612,,1256,97,221,55,7,1
CM,16/9/2020,13218,16238,,9583,673,2962,89,3,7
CL,16/9/2020,12865,18811,,10082,656,2127,282,20,47
CT,16/9/2020,40299,69737,,31050,3069,6180,152,10,14
VC,16/9/2020,9648,21979,,7299,861,1488,309,21,30
EX,16/9/2020,2689,4701,,2020,140,529,84,8,2
GA,16/9/2020,4756,9219,,3675,395,686,167,13,32
MD,16/9/2020,60340,109599,,47024,3824,9492,708,23,174
MC,16/9/2020,1957,10133,,1550,227,180,185,31,14
NC,16/9/2020,3187,8546,,2484,176,527,117,9,9
PV,16/9/2020,9582,24950,,7301,594,1687,53,3,158
RI,16/9/2020,2218,3030,,1733,106,379,67,2,7
CE,16/9/2020,40,311,,26,5,9,0,0,2
ML,16/9/2020,88,532,,76,8,4,8,3,1
AN,23/9/2020,11702,41126,,9064,978,1660,692,41,83
AR,23/9/2020,6530,28307,,4861,396,1273,194,9,33
AS,23/9/2020,1688,2390,,1228,139,321,34,6,2
IB,23/9/2020,2274,10987,,1741,251,282,158,30,17
CN,23/9/2020,2284,10065,,1743,328,213,118,25,13
CB,23/9/2020,1607,4162,,1283,99,225,27,2,4
CM,23/9/2020,13374,21037,,9712,679,2983,129,6,21
CL,23/9/2020,13325,23756,,10464,685,2176,382,29,49
CT,23/9/2020,40593,77216,,31292,3085,6216,242,16,36
VC,23/9/2020,10032,25625,,7618,891,1523,319,30,35
EX,23/9/2020,2861,6452,,2169,146,546,149,6,17
GA,23/9/2020,4969,10899,,3842,415,712,167,20,26
MD,23/9/2020,61190,138077,,47662,3829,9699,638,5,207
MC,23/9/2020,2215,14447,,1762,254,199,212,27,19
NC,23/9/2020,3334,10722,,2606,188,540,122,12,13
PV,23/9/2020,9962,28133,,7586,609,1767,285,15,80
RI,23/9/2020,2302,3838,,1792,111,399,59,5,20
CE,23/9/2020,47,386,,30,7,10,4,2,1
ML,23/9/2020,99,667,,86,9,4,10,1,0
AN,30/9/2020,12480,49826,,9681,1025,1774,617,47,114
AR,30/9/2020,6906,30730,,5144,414,1348,283,18,75
AS,30/9/2020,1752,3021,,1285,142,325,57,3,4
IB,30/9/2020,2400,11855,,1839,267,294,98,16,12
CN,30/9/2020,2439,11158,,1860,353,226,117,25,13
CB,30/9/2020,1628,4534,,1300,100,228,17,1,3
CM,30/9/2020,13689,26174,,9918,691,3080,206,12,97
CL,30/9/2020,13909,29227,,10927,723,2259,463,38,83
CT,30/9/2020,41035,83581,,31667,3137,6231,375,52,15
VC,30/9/2020,10405,29394,,7918,930,1557,300,39,34
EX,30/9/2020,3009,7742,,2287,156,566,118,10,20
GA,30/9/2020,5107,12152,,3951,427,729,109,12,17
MD,30/9/2020,62404,166882,,48581,3876,9947,919,47,248
MC,30/9/2020,2496,17665,,1994,287,215,232,33,16
NC,30/9/2020,3467,13014,,2719,197,551,113,9,11
PV,30/9/2020,10664,31046,,8175,665,1824,589,56,57
RI,30/9/2020,2369,4506,,1845,115,409,53,4,10
CE,30/9/2020,54,487,,37,7,10,7,0,0
ML,30/9/2020,106,863,,93,9,4,7,0,0
AN,7/10/2020,13110,57964,,10145,1078,1887,464,53,113
AR,7/10/2020,6964,32390,,5200,416,1348,56,2,0
AS,7/10/2020,1821,3741,,1347,144,330,62,2,5
IB,7/10/2020,2479,12716,,1894,278,307,55,11,13
CN,7/10/2020,2576,12134,,1969,374,233,109,21,7
CB,7/10/2020,1646,4852,,1316,100,230,16,0,2
CM,7/10/2020,14012,30151,,10162,713,3137,244,22,57
CL,7/10/2020,14541,34327,,11421,765,2355,494,42,96
CT,7/10/2020,41375,93887,,31957,3164,6254,290,27,23
VC,7/10/2020,10717,32638,,8171,955,1591,253,25,34
EX,7/10/2020,3112,8905,,2348,158,606,61,2,40
GA,7/10/2020,5297,13774,,4094,444,759,143,17,30
MD,7/10/2020,63743,187262,,49634,3937,10172,1053,61,225
MC,7/10/2020,2753,20624,,2211,316,226,217,29,11
NC,7/10/2020,3651,14983,,2863,207,581,144,10,30
PV,7/10/2020,10996,33388,,8480,668,1848,305,3,24
RI,7/10/2020,2456,5097,,1916,123,417,71,8,8
CE,7/10/2020,70,600,,48,11,11,11,4,1
ML,7/10/2020,113,1052,,98,9,6,5,0,2
AN,14/10/2020,13923,69179,,10803,1121,1999,658,43,112
AR,14/10/2020,7414,35573,,5542,440,1432,342,24,84
AS,14/10/2020,1928,4932,,1440,148,340,93,4,10
IB,14/10/2020,2534,13567,,1931,285,318,37,7,11
CN,14/10/2020,2699,12971,,2063,392,244,94,18,11
CB,14/10/2020,1666,5208,,1330,103,233,14,3,3
CM,14/10/2020,14251,33803,,10349,723,3179,187,10,42
CL,14/10/2020,15681,40175,,12353,841,2487,932,76,132
CT,14/10/2020,41677,106705,,32204,3190,6283,247,26,29
VC,14/10/2020,10996,35537,,8402,974,1620,231,19,29
EX,14/10/2020,3223,10294,,2430,167,626,82,9,20
GA,14/10/2020,5514,16033,,4258,465,791,164,21,32
MD,14/10/2020,64761,202361,,50409,3978,10374,775,41,202
MC,14/10/2020,2998,23135,,2407,336,255,196,20,29
NC,14/10/2020,3860,18098,,3034,221,605,171,14,24
PV,14/10/2020,11514,37100,,8879,720,1915,399,52,67
RI,14/10/2020,2534,5838,,1976,131,427,60,8,10
CE,14/10/2020,83,765,,59,12,12,11,1,1
ML,14/10/2020,136,1337,,118,9,9,20,0,3
AN,21/10/2020,14960,87000,,11673,1158,2129,870,37,130
AR,21/10/2020,7793,39719,,5856,458,1479,314,18,47
AS,21/10/2020,2172,6462,,1653,163,356,213,15,16
IB,21/10/2020,2627,14480,,2004,290,333,73,5,15
CN,21/10/2020,2830,13903,,2156,415,259,93,23,15
CB,21/10/2020,1703,5903,,1357,106,240,27,3,7
CM,21/10/2020,14548,38383,,10571,742,3235,222,19,56
CL,21/10/2020,16489,47936,,12975,907,2607,622,66,120
CT,21/10/2020,42196,127142,,32659,3217,6320,455,27,37
VC,21/10/2020,11520,40261,,8844,1017,1659,442,43,39
EX,21/10/2020,3371,12355,,2548,174,649,118,7,23
GA,21/10/2020,5840,18756,,4516,491,833,258,26,42
MD,21/10/2020,66379,218124,,51679,4041,10659,1270,63,285
MC,21/10/2020,3364,26532,,2705,383,276,298,47,21
NC,21/10/2020,4100,21329,,3216,242,642,182,21,37
PV,21/10/2020,11856,41473,,9141,746,1969,262,26,54
RI,21/10/2020,2638,6864,,2050,156,432,74,25,5
CE,21/10/2020,89,927,,63,13,13,4,1,1
ML,21/10/2020,165,1802,,139,15,11,21,6,2
AN,28/10/2020,16379,107105,,12799,1231,2349,1126,73,220
AR,28/10/2020,8441,47964,,6377,508,1556,521,50,77
AS,28/10/2020,2540,8564,,1962,180,398,309,17,42
IB,28/10/2020,2739,15852,,2087,298,354,83,8,21
CN,28/10/2020,2922,14665,,2225,426,271,69,11,12
CB,28/10/2020,1765,7052,,1413,108,244,56,2,4
CM,28/10/2020,14757,44593,,10722,750,3285,151,8,50
CL,28/10/2020,17622,58456,,13899,966,2757,924,59,150
CT,28/10/2020,43035,160525,,33402,3268,6365,743,51,45
VC,28/10/2020,12174,47243,,9401,1065,1708,557,48,49
EX,28/10/2020,3618,15354,,2741,186,691,193,12,42
GA,28/10/2020,6267,22916,,4843,537,887,327,46,54
MD,28/10/2020,67684,233072,,52696,4102,10886,1017,61,227
MC,28/10/2020,3745,30675,,3021,422,302,316,39,26
NC,28/10/2020,4396,24126,,3461,264,671,245,22,29
PV,28/10/2020,12066,49294,,9299,764,2003,158,18,34
RI,28/10/2020,2820,8074,,2201,171,448,151,15,16
CE,28/10/2020,105,1296,,76,13,16,13,0,3
ML,28/10/2020,178,2420,,151,15,12,12,0,1
AN,6/11/2020,18452,143476,,14454,1337,2661,1655,106,312
AR,6/11/2020,9157,55660,,6916,551,1690,539,43,134
AS,6/11/2020,3161,11296,,2451,214,496,489,34,98
IB,6/11/2020,2871,17620,,2190,318,363,103,20,9
CN,6/11/2020,3014,15594,,2291,438,285,66,12,14
CB,6/11/2020,1864,8539,,1492,117,255,79,9,11
CM,6/11/2020,15218,51826,,11050,780,3388,328,30,103
CL,6/11/2020,18929,70841,,14918,1049,2962,1019,83,205
CT,6/11/2020,44226,197668,,34328,3341,6557,926,73,192
VC,6/11/2020,13134,57192,,10198,1137,1799,797,72,91
EX,6/11/2020,3976,18925,,3012,213,751,271,27,60
GA,6/11/2020,6840,28231,,5290,592,958,447,55,71
MD,6/11/2020,68841,246930,,53609,4158,11074,913,56,188
MC,6/11/2020,4455,38623,,3591,484,380,570,62,78
NC,6/11/2020,4772,29907,,3757,299,716,296,35,45
PV,6/11/2020,12347,58936,,9487,782,2078,188,18,75
RI,6/11/2020,3003,9610,,2344,191,468,143,20,20
CE,6/11/2020,165,1839,,117,18,30,41,5,14
ML,6/11/2020,210,3137,,180,16,14,29,1,2
AN,12/11/2020,20303,166768,,15895,1432,2976,1441,95,315
AR,12/11/2020,9726,60284,,7294,583,1849,378,32,159
AS,12/11/2020,3852,14016,,3011,245,596,560,31,100
IB,12/11/2020,2960,18975,,2260,329,371,70,11,8
CN,12/11/2020,3118,16416,,2372,450,296,81,12,11
CB,12/11/2020,1938,9959,,1551,120,267,59,3,12
CM,12/11/2020,15504,56603,,11255,795,3454,205,15,66
CL,12/11/2020,20000,81302,,15753,1096,3151,835,47,189
CT,12/11/2020,45007,217434,,34926,3386,6695,598,45,138
VC,12/11/2020,13882,65577,,10804,1184,1894,606,47,95
EX,12/11/2020,4249,21370,,3217,237,795,205,24,44
GA,12/11/2020,7293,31668,,5639,633,1021,349,41,63
MD,12/11/2020,69546,255940,,54160,4187,11199,551,29,125
MC,12/11/2020,4951,45004,,3980,527,444,389,43,64
NC,12/11/2020,4964,31536,,3888,322,754,131,23,38
PV,12/11/2020,12740,65736,,9772,808,2160,285,26,82
RI,12/11/2020,3138,10625,,2449,203,486,105,12,18
CE,12/11/2020,182,2230,,125,18,39,8,0,9
ML,12/11/2020,320,3364,,256,34,30,76,18,16
AN,18/11/2020,22370,3365,,17462,1547,3361,1567,115,385
AR,18/11/2020,10339,3366,,7670,616,2053,376,33,204
AS,18/11/2020,4569,3367,,3565,275,729,554,30,133
IB,18/11/2020,3099,3368,,2368,343,388,108,14,17
CN,18/11/2020,3216,3369,,2447,462,307,75,12,11
CB,18/11/2020,2053,3370,,1637,127,289,86,7,22
CM,18/11/2020,15989,3371,,11609,831,3549,354,36,95
CL,18/11/2020,21194,3372,,16638,1153,3403,885,57,252
CT,18/11/2020,46070,3373,,35810,3439,6821,884,53,126
VC,18/11/2020,14993,3374,,11684,1275,2034,880,91,140
EX,18/11/2020,4487,3375,,3396,242,849,179,5,54
GA,18/11/2020,7813,3376,,6021,694,1098,382,61,77
MD,18/11/2020,71115,3377,,55436,4248,11431,1276,61,232
MC,18/11/2020,5500,3378,,4397,589,514,417,62,70
NC,18/11/2020,5156,3379,,4033,335,788,145,13,34
PV,18/11/2020,13201,3380,,10089,836,2276,317,28,116
RI,18/11/2020,3262,3381,,2546,207,509,97,4,23
CE,18/11/2020,221,3382,,157,19,45,32,1,6
ML,18/11/2020,350,3383,,278,38,34,22,4,4
AN,25/11/2020,24395,3384,,19015,1653,3727,1553,106,366
AR,25/11/2020,10751,3385,,7935,642,2174,265,26,121
AS,25/11/2020,5221,3386,,4041,302,878,476,27,149
IB,25/11/2020,3199,3387,,2453,353,393,85,10,5
CN,25/11/2020,3312,3388,,2519,471,322,72,9,15
CB,25/11/2020,2102,3389,,1678,128,296,41,1,7
CM,25/11/2020,16438,3390,,11903,861,3674,294,30,125
CL,25/11/2020,22162,3391,,17347,1215,3600,709,62,197
CT,25/11/2020,47315,3392,,36624,3503,7188,814,64,367
VC,25/11/2020,16066,3393,,12531,1347,2188,847,72,154
EX,25/11/2020,4674,3394,,3523,253,898,127,11,49
GA,25/11/2020,8202,3395,,6301,738,1163,280,44,65
MD,25/11/2020,71949,3396,,56114,4283,11552,678,35,121
MC,25/11/2020,5849,3397,,4640,624,585,243,35,71
NC,25/11/2020,5274,3398,,4098,345,831,65,10,43
PV,25/11/2020,13680,3399,,10423,865,2392,334,29,116
RI,25/11/2020,3360,3400,,2623,212,525,77,5,16
CE,25/11/2020,245,3401,,171,22,52,14,3,7
ML,25/11/2020,376,3402,,297,41,38,19,3,4
AN,2/12/2020,26661,3403,,20702,1837,4122,1687,184,395
AR,2/12/2020,11713,3404,,8702,720,2291,767,78,117
AS,2/12/2020,5723,3405,,4392,321,1010,351,19,132
IB,2/12/2020,3304,3406,,2535,365,404,82,12,11
CN,2/12/2020,3427,3407,,2608,486,333,89,15,11
CB,2/12/2020,2191,3408,,1739,134,318,61,6,22
CM,2/12/2020,16798,3409,,12144,892,3762,241,31,88
CL,2/12/2020,22859,3410,,17840,1254,3765,493,39,165
CT,2/12/2020,48302,3411,,37279,3561,7462,655,58,274
VC,2/12/2020,16903,3412,,13164,1418,2321,633,71,133
EX,2/12/2020,4860,3413,,3642,272,946,119,19,48
GA,2/12/2020,8507,3414,,6529,759,1219,228,21,56
MD,2/12/2020,72633,3415,,56666,4314,11653,552,31,101
MC,2/12/2020,6051,3416,,4791,643,617,151,19,32
NC,2/12/2020,5359,3417,,4146,351,862,48,6,31
PV,2/12/2020,13900,3418,,10508,891,2501,85,26,109
RI,2/12/2020,3464,3419,,2693,228,543,70,16,18
CE,2/12/2020,260,3420,,182,23,55,11,1,3
ML,2/12/2020,388,3421,,303,43,42,6,2,4
AN,9/12/2020,28165,3422,,21812,1979,4374,1110,142,252
AR,9/12/2020,12016,3423,,8909,744,2363,207,24,72
AS,9/12/2020,6080,3424,,4594,333,1153,202,12,143
IB,9/12/2020,3353,3425,,2565,372,416,30,7,12
CN,9/12/2020,3542,3426,,2698,503,341,90,17,8
CB,9/12/2020,2443,3427,,1938,171,334,199,37,16
CM,9/12/2020,17024,3428,,12319,898,3807,175,6,45
CL,9/12/2020,23378,3429,,18221,1280,3877,381,26,112
CT,9/12/2020,49025,3430,,37794,3588,7643,515,27,181
VC,9/12/2020,17568,3431,,13682,1469,2417,518,51,96
EX,9/12/2020,4948,3432,,3690,284,974,48,12,28
GA,9/12/2020,8766,3433,,6729,779,1258,200,20,39
MD,9/12/2020,73112,3434,,57051,4339,11722,385,25,69
MC,9/12/2020,6145,3435,,4859,649,637,68,6,20
NC,9/12/2020,5437,3436,,4194,355,888,48,4,26
PV,9/12/2020,14118,3437,,10621,899,2598,113,8,97
RI,9/12/2020,3515,3438,,2725,230,560,32,2,17
CE,9/12/2020,262,3439,,184,23,55,2,0,0
ML,9/12/2020,400,3440,,314,44,42,11,1,0
AN,16/12/2020,29133,3441,,22428,2112,4593,616,133,219
AR,16/12/2020,12277,3442,,9062,752,2463,153,8,100
AS,16/12/2020,6330,3443,,4755,343,1232,161,10,79
IB,16/12/2020,3504,3444,,2691,390,423,126,18,7
CN,16/12/2020,3731,3445,,2853,520,358,155,17,17
CB,16/12/2020,2555,3446,,2021,181,353,83,10,19
CM,16/12/2020,17452,3447,,12590,934,3928,271,36,121
CL,16/12/2020,23987,3448,,18608,1313,4066,387,33,189
CT,16/12/2020,49888,3449,,38379,3639,7870,585,51,227
VC,16/12/2020,18573,3450,,14450,1546,2577,768,77,160
EX,16/12/2020,5066,3451,,3768,289,1009,78,5,35
GA,16/12/2020,9050,3452,,6948,806,1296,219,27,38
MD,16/12/2020,73895,3453,,57624,4379,11892,573,40,170
MC,16/12/2020,6347,3454,,4986,672,689,127,23,52
NC,16/12/2020,5520,3455,,4254,360,906,60,5,18
PV,16/12/2020,14334,3456,,10706,912,2716,85,13,118
RI,16/12/2020,3556,3457,,2761,231,564,36,1,4
CE,16/12/2020,272,3458,,191,24,57,7,1,2
ML,16/12/2020,409,3459,,322,44,43,8,0,1
AN,22/12/2020,29847,3460,,22830,2206,4811,402,94,218
AR,22/12/2020,12499,3461,,9221,769,2509,159,17,46
AS,22/12/2020,6492,3462,,4867,349,1276,112,6,44
IB,22/12/2020,3632,3463,,2798,396,438,107,6,15
CN,22/12/2020,3853,3464,,2940,531,382,87,11,24
CB,22/12/2020,2605,3465,,2057,187,361,36,6,8
CM,22/12/2020,17689,3466,,12749,946,3994,159,12,66
CL,22/12/2020,24342,3467,,18841,1343,4158,233,30,92
CT,22/12/2020,50310,3468,,38716,3657,7937,337,18,67
VC,22/12/2020,19240,3469,,14992,1589,2659,542,43,82
EX,22/12/2020,5197,3470,,3875,295,1027,107,6,18
GA,22/12/2020,9285,3471,,7133,829,1323,185,23,27
MD,22/12/2020,74424,3472,,58062,4409,11953,438,30,61
MC,22/12/2020,6464,3473,,5069,680,715,83,8,26
NC,22/12/2020,5575,3474,,4288,364,923,34,4,17
PV,22/12/2020,14526,3475,,10778,922,2826,72,10,110
RI,22/12/2020,3590,3476,,2789,234,567,28,3,3
CE,22/12/2020,278,3477,,195,25,58,4,1,1
ML,22/12/2020,417,3478,,329,45,43,7,1,0
AN,29/12/2020,248417,,,23229,2324,5020,399,118,209
AR,29/12/2020,73565,,,9347,790,2562,126,21,53
AS,29/12/2020,24545,,,4950,358,1313,83,9,37
IB,29/12/2020,30141,,,2826,399,440,28,3,2
CN,29/12/2020,24232,,,3056,549,399,116,18,17
CB,29/12/2020,15488,,,2420,252,385,363,65,24
CM,29/12/2020,81336,,,12873,962,4026,124,16,32
CL,29/12/2020,112364,,,19045,1363,4214,204,20,56
CT,29/12/2020,295931,,,39086,3680,8058,370,23,121
VC,29/12/2020,131745,,,15757,1649,2766,765,60,107
EX,29/12/2020,32288,,,3990,301,1051,115,6,24
GA,29/12/2020,51068,,,7372,860,1356,239,31,33
MD,29/12/2020,323541,,,58418,4430,12026,356,21,73
MC,29/12/2020,57821,,,5174,698,737,105,18,22
NC,29/12/2020,37002,,,4330,369,935,42,5,12
PV,29/12/2020,96624,,,10825,924,2908,47,2,82
RI,29/12/2020,14176,,,2819,234,574,30,0,7
CE,29/12/2020,2927,,,197,25,59,2,0,1
ML,29/12/2020,4369,,,335,45,43,6,0,0
