Time,Characteristic,n,Total ,Mujeres ,Hombres ,p-valor,Mujeres_norm,Hombres_norm
3/2/2020, 2-4,,0,0,0,,0,0
3/9/2020, 2-4,,0,0,0,,0,0
3/16/2020, 2-4,,5,3,2,,0.000153424,0.000102283
3/25/2020, 2-4,,20,8,12,"<0,001",0.000409132,0.000613698
4/1/2020, 2-4,,39,20,19,"<0,001",0.00102283,0.000971688
4/6/2020, 2-4,,47,23,24,"<0,001",0.001176254,0.001227395
4/16/2020, 2-4,,69,34,35,"<0,001",0.00173881,0.001789952
4/27/2020, 2-4,,131,62,69,"<0,001",0.003170772,0.003528762
5/4/2020, 2-4,,149,71,78,"<0,001",0.003631045,0.003989035
5/11/2020, 2-4,,168,85,83,,0.004347026,0.004244743
5/14/2020, 2-4,,179,89,90,,0.004551592,0.004602733
5/21/2020, 2-4,,192,98,94,,0.005011865,0.004807299
5/29/2020, 2-4,,193,98,95,,0.005011865,0.00485844
7/15/2020, 2-4,,424,202,219,,0.010330579,0.011199984
7/17/2020, 2-4,,522,354,378,,0.018104083,0.019331479
7/23/2020, 2-4,,486,238,230,,0.012171672,0.01176254
7/30/2020, 2-4,,824,405,376,,0.020712299,0.019229196
9/9/2020, 2-4,,6575,3268,3306,,0.167130349,0.169073726
9/16/2020, 2-4,,8439,4230,4208,,0.216328451,0.215203339
9/23/2020, 2-4,,10819,5370,5447,,0.274629736,0.278567629
9/30/2020, 2-4,,12917,6438,6478,,0.329248834,0.331294493
10/7/2020, 2-4,,14252,7075,7176,,0.361825955,0.366991245
10/14/2020, 2-4,,15390,7642,7747,,0.390823173,0.396193028
10/21/2020, 2-4,,16672,8259,8412,,0.422377465,0.430202111
10/28/2020, 2-4,,18412,9109,9301,,0.465847721,0.475666885
11/6/2020, 2-4,,20832,10323,10508,,0.527933475,0.537394649
11/12/2020, 2-4,,22438,11115,11319,,0.568437526,0.578870387
11/18/2020, 2-4,,24080,11930,12145,,0.61011783,0.621113248
11/25/2020, 2-4,,25400,12607,12787,,0.64474061,0.653946076
12/2/2020, 2-4,,26415,13099,13312,,0.669902217,0.680795352
12/9/2020, 2-4,,27260,13519,13736,,0.691381638,0.702479339
12/16/2020, 2-4,,28203,14001,14195,,0.71603183,0.725953277
12/22/2020, 2-4,,29116,14452,14661,,0.739096637,0.749785206
12/29/2020, 2-4,,30030,14896,15131,,0.761803453,0.7738217
8/6/2020, 2-4 ,,1371,656,573,"<0,001",0.033548809,0.029304067
8/13/2020, 2-4 ,,1897,927,970,"<0,001",0.04740815,0.049607233
8/20/2020, 2-4 ,,2975,1469,1505,,0.075126831,0.076967924
3/2/2020, 5-14,,0,0,0,,0,0
3/9/2020, 5-14,,0,0,0,,0,0
3/16/2020, 5-14,,16,8,8,,0.000172312,0.000172312
3/25/2020, 5-14,,110,46,64,"<0,001",0.000990795,0.001378497
4/1/2020, 5-14,,176,92,84,"<0,001",0.001981589,0.001809277
4/6/2020, 5-14,,230,120,110,"<0,001",0.002584682,0.002369292
4/16/2020, 5-14,,325,161,164,"<0,001",0.003467781,0.003532398
4/27/2020, 5-14,,513,241,272,"<0,001",0.005190902,0.005858612
5/4/2020, 5-14,,581,273,308,"<0,001",0.005880151,0.006634016
5/11/2020, 5-14,,717,340,377,,0.007323265,0.008120208
5/14/2020, 5-14,,754,355,399,,0.00764635,0.008594067
5/21/2020, 5-14,,826,389,437,,0.008378677,0.009412549
5/29/2020, 5-14,,835,394,441,,0.008486372,0.009498705
7/15/2020, 5-14,,1680,819,845,,0.017640453,0.018200467
7/17/2020, 5-14,,1926,1379,1328,,0.029702301,0.028603811
7/23/2020, 5-14,,1598,828,721,,0.017834304,0.015529629
7/30/2020, 5-14,,2692,1370,1172,,0.02950845,0.025243725
8/6/2020, 5-14,,4483,2215,1848,"<0,001",0.047708917,0.039804098
8/13/2020, 5-14,,6032,3040,2991,"<0,001",0.065478603,0.064423192
8/20/2020, 5-14,,9494,4757,4734,,0.102461091,0.101965694
9/9/2020, 5-14,,22203,11055,11134,,0.238113803,0.239815385
9/16/2020, 5-14,,28537,14230,14289,,0.306500173,0.307770975
9/23/2020, 5-14,,36290,18045,18224,,0.388671512,0.392526996
9/30/2020, 5-14,,44419,22092,22310,,0.475839903,0.480535408
10/7/2020, 5-14,,51132,25315,25797,,0.545260146,0.555641951
10/14/2020, 5-14,,57883,28654,29208,,0.617178915,0.629111529
10/21/2020, 5-14,,66478,32779,33679,,0.706027349,0.725412461
10/28/2020, 5-14,,78230,38638,39570,,0.832224433,0.852298794
11/6/2020, 5-14,,94381,46533,47826,,1.002274951,1.030124896
11/12/2020, 5-14,,105034,51828,53179,,1.116324031,1.145423239
11/18/2020, 5-14,,115982,57222,58701,,1.232505474,1.264361676
11/25/2020, 5-14,,123761,61042,62662,,1.314784509,1.349677712
12/2/2020, 5-14,,129657,63975,65644,,1.377958437,1.413907052
12/9/2020, 5-14,,134411,66251,68120,,1.426981234,1.467237652
12/16/2020, 5-14,,139939,68925,70969,,1.484576558,1.528602303
12/22/2020, 5-14,,145234,71497,73702,,1.539974903,1.587468429
12/29/2020, 5-14,,150574,74106,76429,,1.596170191,1.646205321
3/2/2020,<1,,0,0,0,,0,0
3/9/2020,<1,,0,0,0,,0,0
3/16/2020,<1,,2,1,1,,5.11415E-05,5.11415E-05
3/25/2020,<2,,60,37,23,"<0,001",0.001892235,0.001176254
4/1/2020,<2,,98,42,56,"<0,001",0.002147942,0.002863923
4/6/2020,<2,,72,33,39,"<0,001",0.001687669,0.001994518
4/16/2020,<2,,171,70,101,"<0,001",0.003579903,0.005165289
4/27/2020,<2,,306,135,171,"<0,001",0.0069041,0.008745193
5/4/2020,<2,,320,137,183,"<0,001",0.007006382,0.00935889
5/11/2020,<2,,348,153,195,,0.007824646,0.009972588
5/14/2020,<2,,357,155,202,,0.007926929,0.010330579
5/21/2020,<2,,381,165,216,,0.008438344,0.011046559
5/29/2020,<2,,381,165,216,,0.008438344,0.011046559
7/15/2020,<2,,611,275,332,,0.014063906,0.016978971
7/17/2020,<2,,644,397,457,,0.020303167,0.023371655
7/23/2020,<2,,383,179,188,,0.009154325,0.009614598
7/30/2020,<2,,622,286,300,,0.014626463,0.015342443
8/6/2020,<2,,1086,499,478,"<0,001",0.025519597,0.024445626
8/13/2020,<2,,1480,709,771,"<0,001",0.036259308,0.039430079
8/20/2020,<2,,2195,1064,1131,,0.054414532,0.057841011
9/9/2020,<2,,4965,2382,2583,,0.121819,0.132098437
9/16/2020,<2,,6183,2946,3236,,0.150662794,0.165493822
9/23/2020,<2,,7595,3652,3941,,0.186768677,0.201548564
9/30/2020,<2,,8836,4234,4601,,0.216533017,0.235301939
10/7/2020,<2,,9762,4665,5097,,0.238574994,0.260668112
10/14/2020,<2,,10656,5097,5559,,0.260668112,0.284295475
10/21/2020,<2,,11706,5625,6080,,0.287670813,0.310940185
10/28/2020,<2,,12938,6232,6706,,0.31871369,0.34295475
11/6/2020,<2,,14513,7011,7502,,0.358552901,0.383663366
11/12/2020,<2,,15563,7507,8056,,0.383919074,0.411995745
11/18/2020,<2,,16674,8049,8620,,0.411637755,0.440839538
11/25/2020,<2,,17513,8424,9082,,0.430815809,0.464466901
12/2/2020,<2,,18105,8709,9394,,0.44539113,0.480423042
12/9/2020,<2,,18622,8967,9653,,0.458585631,0.493668685
12/16/2020,<2,,19181,9236,9942,,0.472342689,0.508448572
12/22/2020,<2,,19847,9556,10288,,0.488707962,0.526143523
12/29/2020,<2,,20477,9860,10614,,0.504254971,0.542815645
3/25/2020,>=80,,3241,1767,1474,"<0,001",0.019385873,0.01617135
4/1/2020,>=80,,8322,4108,4213,"<0,001",0.045069137,0.046221099
4/6/2020,>=80,,13810,7122,6687,"<0,001",0.078135928,0.073363515
4/16/2020,>=80,,22973,12693,10280,"<0,001",0.139255734,0.112782553
4/27/2020,>=80,,44962,27302,17658,"<0,001",0.299532029,0.193727074
5/4/2020,>=80,,47908,29399,18509,"<0,001",0.322538353,0.203063451
5/11/2020,>=80,,53956,33748,20207,"<0,001",0.370251517,0.22169232
5/14/2020,>=80,,54475,34077,20397,"<0,001",0.373860998,0.223776822
5/21/2020,>=80,,58731,37102,21628,"<0,001",0.407048471,0.237282204
5/29/2020,>=80,,58956,37286,21669,"<0,001",0.409067147,0.237732017
7/15/2020,>=80,,63271,40350,22908,"<0,001",0.442682491,0.251325168
7/17/2020,>=80,,62094,42616,23756,"<0,001",0.467542926,0.260628631
7/23/2020,>=80,,3491,2497,970,"<0,001",0.02739475,0.010641933
7/30/2020,>=80,,4218,2894,1115,"<0,001",0.031750263,0.012232738
8/6/2020,>=80,,5276,3458,1386,"<0,001",0.037937944,0.015205897
8/13/2020,>=80,,6362,4394,1966,"<0,001",0.048206862,0.021569115
8/20/2020,>=80,,8211,5530,2681,"<0,001",0.060669992,0.029413426
9/9/2020,>=80,,16100,10520,5579,"<0,001",0.115415609,0.061207574
9/16/2020,>=80,,19875,12930,6944,"<0,001",0.141855876,0.076183079
9/23/2020,>=80,,24091,15598,8491,,0.171126679,0.093155317
9/30/2020,>=80,,28284,18270,10014,"<0,001",0.200441366,0.10986425
10/7/2020,>=80,,32121,20672,11448,"<0,001",0.226793865,0.125596757
10/14/2020,>=80,,36859,23728,13130,"<0,001",0.260321441,0.144050089
10/21/2020,>=80,,42829,27580,15247,"<0,001",0.302581985,0.167275835
10/28/2020,>=80,,51513,33202,18310,"<0,001",0.364261315,0.200880209
11/6/2020,>=80,,63083,40649,22433,"<0,001",0.44596284,0.246113911
11/12/2020,>=80,,71091,45808,25270,"<0,001",0.502562567,0.277238824
11/18/2020,>=80,,80148,51586,28484,"<0,001",0.565953383,0.312499829
11/25/2020,>=80,,86336,55607,30648,"<0,001",0.610068037,0.336241214
12/2/2020,>=80,,91559,59044,32482,"<0,001",0.647775589,0.356362148
12/9/2020,>=80,,95226,61426,33787,"<0,001",0.673908667,0.370679389
12/16/2020,>=80,,99705,64314,35370,"<0,001",0.705593104,0.388046585
12/22/2020,>=80,,103643,66844,36790,"<0,001",0.7333499,0.403625498
12/29/2020,>=80,,107766,69522,38236,"<0,001",0.762730413,0.419489659
3/25/2020,15-29,,1509,644,865,"<0,001",0.006400528,0.008596982
4/1/2020,15-29,,3048,1846,1199,"<0,001",0.018346855,0.011916511
4/6/2020,15-29,,4668,2914,1749,"<0,001",0.028961395,0.0173828
4/16/2020,15-29,,6761,4357,2400,"<0,001",0.043302951,0.023852899
4/27/2020,15-29,,11629,7670,3959,"<0,001",0.07622989,0.039347345
5/4/2020,15-29,,12518,8290,4228,"<0,001",0.082391889,0.042020857
5/11/2020,15-29,,13879,9219,4659,,0.091624949,0.046304441
5/14/2020,15-29,,14216,9437,4778,,0.093791587,0.047487147
5/21/2020,15-29,,15421,10225,5196,,0.101623289,0.051641527
5/29/2020,15-29,,15481,10265,5216,,0.102020837,0.051840301
7/15/2020,15-29,,19978,12762,7175,,0.126837791,0.07131023
7/17/2020,15-29,,20410,15297,9399,,0.152032416,0.093413916
7/23/2020,15-29,,7730,3877,3683,,0.038532371,0.036604262
7/30/2020,15-29,,11989,5951,5574,,0.059145251,0.055398358
8/6/2020,15-29,,18379,8922,8217,"<0,001",0.088673153,0.081666364
8/13/2020,15-29,,24065,12138,11923,"<0,001",0.120636038,0.118499215
8/20/2020,15-29,,35513,17806,17702,,0.176968634,0.175935009
9/9/2020,15-29,,73997,37459,36525,,0.372294063,0.363011309
9/16/2020,15-29,,88387,44940,43429,,0.446645537,0.431628149
9/23/2020,15-29,,103968,52994,50958,,0.526691891,0.506456682
9/30/2020,15-29,,119142,61002,58127,,0.606281065,0.577707279
10/7/2020,15-29,,132867,68060,64787,,0.676428466,0.643899074
10/14/2020,15-29,,148695,76154,72521,,0.756872368,0.720765042
10/21/2020,15-29,,169559,86729,82814,,0.861974205,0.823064163
10/28/2020,15-29,,196419,100624,95769,,1.000072553,0.951820125
11/6/2020,15-29,,229171,117529,111623,,1.168086411,1.109388402
11/12/2020,15-29,,249330,127923,121371,,1.271389342,1.206270927
11/18/2020,15-29,,270282,138814,131385,,1.379631811,1.305797149
11/25/2020,15-29,,284388,146167,138132,,1.45271113,1.372853612
12/2/2020,15-29,,295097,151719,143336,,1.507890837,1.424574648
12/9/2020,15-29,,303516,156055,147425,,1.550985075,1.465214025
12/16/2020,15-29,,315165,162041,153062,,1.610478181,1.521238522
12/22/2020,15-29,,326111,167694,158375,,1.666661697,1.574042878
12/29/2020,15-29,,337901,173833,164018,,1.727675426,1.630127007
3/2/2020,15-44,,14,,,,,
3/9/2020,15-44,,61,,,,,
3/16/2020,15-44,,259,,,,,
3/25/2020,30-39,,2344,1010,1334,"<0,001",0.016403262,0.021665298
4/1/2020,30-39,,5335,3060,2274,"<0,001",0.049697011,0.0369317
4/6/2020,30-39,,8348,4942,3405,"<0,001",0.080262296,0.055300105
4/16/2020,30-39,,11662,7080,4582,"<0,001",0.11498524,0.074415589
4/27/2020,30-39,,18417,11487,6930,"<0,001",0.18655868,0.112549112
5/4/2020,30-39,,19710,12364,7346,"<0,001",0.200801908,0.119305307
5/11/2020,30-39,,21639,13649,7989,,0.221671405,0.129748176
5/14/2020,30-39,,22147,13989,8158,,0.227193295,0.13249288
5/21/2020,30-39,,23489,14785,8704,,0.240121014,0.141360386
5/29/2020,30-39,,23570,14841,8729,,0.241030502,0.141766407
7/15/2020,30-39,,27615,17106,10468,,0.277816034,0.170009251
7/17/2020,30-39,,27536,19222,12193,,0.312181679,0.198024722
7/23/2020,30-39,,5532,2908,2499,,0.047228401,0.040585892
7/30/2020,30-39,,8184,4193,3686,,0.068097897,0.059863785
8/6/2020,30-39,,12440,6124,5450,"<0,001",0.099458985,0.08851265
8/13/2020,30-39,,16459,8276,8180,"<0,001",0.134409301,0.132850179
8/20/2020,30-39,,24333,12225,12102,,0.19854443,0.196546805
9/9/2020,30-39,,52499,26588,25898,,0.431811804,0.420605615
9/16/2020,30-39,,63553,32355,31182,,0.525472804,0.506422283
9/23/2020,30-39,,75472,38809,36646,,0.63029127,0.595162305
9/30/2020,30-39,,86759,44887,41863,,0.729003175,0.679890835
10/7/2020,30-39,,96062,49932,46120,,0.81093828,0.749028147
10/14/2020,30-39,,106069,55204,50857,,0.896560057,0.825961069
10/21/2020,30-39,,119187,62287,56890,,1.01159402,0.923942136
10/28/2020,30-39,,136409,71633,64765,,1.163381034,1.051838854
11/6/2020,30-39,,158342,83541,74788,,1.356777113,1.214620925
11/12/2020,30-39,,172378,91093,81259,,1.479428036,1.319715486
11/18/2020,30-39,,187582,99414,88112,,1.614568175,1.431014053
11/25/2020,30-39,,197886,105026,92783,,1.705711843,1.506875078
12/2/2020,30-39,,205665,109278,96362,,1.774767951,1.565001091
12/9/2020,30-39,,212045,112786,99229,,1.831740864,1.611563617
12/16/2020,30-39,,220746,117391,103314,,1.906529992,1.677907502
12/22/2020,30-39,,228747,121616,107103,,1.975147597,1.739444095
12/29/2020,30-39,,237387,126179,111179,,2.04925461,1.805641813
3/25/2020,40-49,,3114,1483,1631,"<0,001",0.019039999,0.020940147
4/1/2020,40-49,,7960,4228,3729,"<0,001",0.054282613,0.047876032
4/6/2020,40-49,,12733,6883,5849,"<0,001",0.088369732,0.075094372
4/16/2020,40-49,,18259,10148,8108,"<0,001",0.130288543,0.10409731
4/27/2020,40-49,,28729,16596,12132,"<0,001",0.213073379,0.1557608
5/4/2020,40-49,,30570,17822,12748,"<0,001",0.228813797,0.163669525
5/11/2020,40-49,,33482,19727,13755,,0.253271786,0.176598237
5/14/2020,40-49,,34233,20223,14010,,0.25963985,0.179872141
5/21/2020,40-49,,36042,21307,14735,,0.273557152,0.189180299
5/29/2020,40-49,,36175,21400,14775,,0.274751164,0.189693853
7/15/2020,40-49,,40840,24065,16748,,0.308966671,0.215024883
7/17/2020,40-49,,40542,26429,18655,,0.339317688,0.23950855
7/23/2020,40-49,,5723,3048,2579,,0.039132783,0.033111367
7/30/2020,40-49,,8196,4252,3656,,0.054590745,0.046938797
8/6/2020,40-49,,12078,5946,5297,"<0,001",0.076339739,0.068007333
8/13/2020,40-49,,15813,7949,7863,"<0,001",0.102055935,0.100951795
8/20/2020,40-49,,23402,11676,11725,,0.149906289,0.150535392
9/9/2020,40-49,,51117,25737,25375,,0.330433211,0.325785551
9/16/2020,40-49,,63526,32043,31472,,0.411394932,0.404063955
9/23/2020,40-49,,76769,39042,37718,,0.501253969,0.484255346
9/30/2020,40-49,,89733,45897,43831,,0.589264214,0.562739172
10/7/2020,40-49,,100996,51877,49116,,0.666040474,0.630592438
10/14/2020,40-49,,112924,58127,54794,,0.74628322,0.703491368
10/21/2020,40-49,,129214,66702,62508,,0.856376268,0.802530176
10/28/2020,40-49,,150877,78197,72671,,1.003958728,0.933011301
11/6/2020,40-49,,178828,93152,85668,,1.195963572,1.099877697
11/12/2020,40-49,,197135,102917,94196,,1.321334839,1.20936732
11/18/2020,40-49,,217288,113770,103439,,1.460674763,1.328036713
11/25/2020,40-49,,230548,120849,109614,,1.551560908,1.407316546
12/2/2020,40-49,,240934,126396,114505,,1.62277795,1.47011131
12/9/2020,40-49,,248683,130521,118137,,1.675738163,1.516741975
12/16/2020,40-49,,259433,136148,123256,,1.747982312,1.582463994
12/22/2020,40-49,,269016,141116,127885,,1.811765667,1.641894982
12/29/2020,40-49,,279628,146733,132875,,1.883881428,1.705960791
3/2/2020,45-64,,10,,,,,
3/9/2020,45-64,,48,,,,,
3/16/2020,45-64,,225,,,,,
3/25/2020,50-59,,3405,1650,1755,"<0,001",0.023620674,0.025123808
4/1/2020,50-59,,9449,4903,4541,"<0,001",0.070189192,0.065006959
4/6/2020,50-59,,15754,8320,7430,"<0,001",0.119105461,0.106364612
4/16/2020,50-59,,22788,12386,10397,"<0,001",0.177312528,0.148838879
4/27/2020,50-59,,35375,19763,15608,"<0,001",0.282918416,0.223437263
5/4/2020,50-59,,37477,21102,16375,"<0,001",0.302086951,0.234417298
5/11/2020,50-59,,40931,23336,17594,,0.334067912,0.251867966
5/14/2020,50-59,,41740,23855,17883,,0.341497688,0.256005163
5/21/2020,50-59,,43668,24921,18745,,0.356758075,0.268345176
5/29/2020,50-59,,43869,25046,18822,,0.35854752,0.269447474
7/15/2020,50-59,,48173,27458,20697,,0.393076652,0.296289149
7/17/2020,50-59,,47505,29437,22288,,0.421407145,0.319065205
7/23/2020,50-59,,4632,2487,2079,,0.035602798,0.02976205
7/30/2020,50-59,,6398,3339,2837,,0.047799655,0.040613244
8/6/2020,50-59,,9182,4598,3924,"<0,001",0.065822946,0.056174258
8/13/2020,50-59,,11865,6105,5760,"<0,001",0.087396495,0.082457627
8/20/2020,50-59,,17536,9025,8511,,0.129197931,0.121839733
9/9/2020,50-59,,39681,20500,19176,,0.293468984,0.274515182
9/16/2020,50-59,,49834,25809,24015,,0.369470293,0.343788178
9/23/2020,50-59,,60500,31345,29144,,0.448721234,0.417212686
9/30/2020,50-59,,70692,36717,33970,,0.525624423,0.486299579
10/7/2020,50-59,,80092,41614,38475,,0.595727721,0.550791178
10/14/2020,50-59,,91001,47301,43695,,0.677140312,0.625518402
10/21/2020,50-59,,105711,54955,50751,,0.78671161,0.726528995
10/28/2020,50-59,,125098,65295,59799,,0.934734502,0.856056183
11/6/2020,50-59,,149898,78363,71527,,1.121810243,1.023949073
11/12/2020,50-59,,166676,87166,79487,,1.247830119,1.137900932
11/18/2020,50-59,,185064,96927,88061,,1.387564302,1.260642545
11/25/2020,50-59,,196812,103082,93630,,1.475676575,1.3403659
12/2/2020,50-59,,205727,107807,97890,,1.543317597,1.401350186
12/9/2020,50-59,,212391,111327,101044,,1.593708369,1.446501463
12/16/2020,50-59,,221449,116055,105354,,1.661392337,1.508201528
12/22/2020,50-59,,229893,120484,109386,,1.724795953,1.565921866
12/29/2020,50-59,,239358,125407,113925,,1.795271456,1.630900194
3/25/2020,60-69,,3154,1709,1445,"<0,001",0.031693329,0.026797461
4/1/2020,60-69,,8694,3972,4717,"<0,001",0.073660563,0.087476555
4/6/2020,60-69,,14021,6374,7643,"<0,001",0.118205546,0.141739094
4/16/2020,60-69,,20022,9243,10778,"<0,001",0.171411023,0.199877529
4/27/2020,60-69,,29571,13905,15662,"<0,001",0.257867605,0.290451091
5/4/2020,60-69,,30997,14668,16329,"<0,001",0.272017406,0.302820576
5/11/2020,60-69,,33174,15887,17284,,0.294623706,0.320531009
5/14/2020,60-69,,33614,16142,17469,,0.29935267,0.323961826
5/21/2020,60-69,,35074,16824,18246,,0.312000329,0.338371256
5/29/2020,60-69,,35197,16883,18311,,0.313094482,0.339576678
7/15/2020,60-69,,37930,18320,19601,,0.339743583,0.36349967
7/17/2020,60-69,,37339,19405,20619,,0.359864859,0.382378435
7/23/2020,60-69,,2687,1356,1292,,0.025146959,0.023960082
7/30/2020,60-69,,3614,1803,1698,,0.033436555,0.031489334
8/6/2020,60-69,,5223,2499,2341,"<0,001",0.046343844,0.043413741
8/13/2020,60-69,,6759,3337,3422,"<0,001",0.061884516,0.063460837
8/20/2020,60-69,,10021,4920,5101,,0.09124118,0.094597817
9/9/2020,60-69,,23174,11539,11633,,0.21399024,0.215733466
9/16/2020,60-69,,29400,14668,14728,,0.272017406,0.273130103
9/23/2020,60-69,,36175,18106,18062,,0.335774962,0.334958984
9/30/2020,60-69,,42586,21305,21278,,0.395100274,0.394599561
10/7/2020,60-69,,48357,24213,24141,,0.449029005,0.447693768
10/14/2020,60-69,,54934,27508,27423,,0.510134633,0.508558311
10/21/2020,60-69,,63698,31958,31738,,0.592659684,0.588579794
10/28/2020,60-69,,75917,38156,37752,,0.707601318,0.700109156
11/6/2020,60-69,,91857,46070,45781,,0.854366094,0.849006602
11/12/2020,60-69,,102745,51517,51212,,0.955380466,0.949724255
11/18/2020,60-69,,114603,57521,57022,,1.066724379,1.057470446
11/25/2020,60-69,,122283,61338,60874,,1.137510473,1.128905614
12/2/2020,60-69,,128051,64192,63826,,1.190437776,1.183650322
12/9/2020,60-69,,132547,66487,66047,,1.232998449,1.224838668
12/16/2020,60-69,,138543,69504,69008,,1.288948579,1.279750281
12/22/2020,60-69,,144108,72301,71793,,1.340818819,1.331397982
12/29/2020,60-69,,150146,75280,74848,,1.396064241,1.38805282
3/2/2020,65+,,9,,,,,
3/9/2020,65+,,53,,,,,
3/16/2020,65+,,191,,,,,
3/25/2020,70-79,,3328,2016,1312,"<0,001",0.047140803,0.030678935
4/1/2020,70-79,,8648,3509,5137,"<0,001",0.082052121,0.12012019
4/6/2020,70-79,,13446,5474,7972,"<0,001",0.128000374,0.186411944
4/16/2020,70-79,,18997,8055,10939,"<0,001",0.188352761,0.255790298
4/27/2020,70-79,,28793,12603,16189,"<0,001",0.294700167,0.378552805
5/4/2020,70-79,,29890,13188,16702,"<0,001",0.308379418,0.390548456
5/11/2020,70-79,,31603,14090,17513,,0.329471186,0.409512341
5/14/2020,70-79,,31831,14221,17610,,0.332534403,0.411780524
5/21/2020,70-79,,33345,14990,18355,,0.350516187,0.429201108
5/29/2020,70-79,,33411,15034,18377,,0.351545054,0.429715542
7/15/2020,70-79,,35665,16216,19445,,0.379184155,0.454688943
7/17/2020,70-79,,35154,17173,20212,,0.401562007,0.472623961
7/23/2020,70-79,,2061,1134,908,,0.026516702,0.021232068
7/30/2020,70-79,,2624,1423,1126,,0.033274485,0.026329635
8/6/2020,70-79,,3494,1843,1440,"<0,001",0.043095486,0.033672002
8/13/2020,70-79,,4485,2449,2036,"<0,001",0.057265787,0.047608469
8/20/2020,70-79,,6320,3408,2912,,0.079690405,0.068092271
9/9/2020,70-79,,14113,7448,6664,,0.174159077,0.155826542
9/16/2020,70-79,,18019,9454,8563,,0.221066046,0.200231495
9/23/2020,70-79,,22153,11628,10522,,0.271901416,0.246039448
9/30/2020,70-79,,26191,13764,12424,,0.321848219,0.29051455
10/7/2020,70-79,,29613,15586,14025,,0.364452655,0.327951269
10/14/2020,70-79,,33716,17757,15956,,0.415217874,0.373104488
10/21/2020,70-79,,39248,20637,18607,,0.482561878,0.435093709
10/28/2020,70-79,,46968,24646,22318,,0.576305667,0.521869264
11/6/2020,70-79,,57356,29966,27388,,0.700705008,0.640422771
11/12/2020,70-79,,64453,33697,30747,,0.787948229,0.718967392
11/18/2020,70-79,,72246,37848,34361,,0.885012452,0.803474764
11/25/2020,70-79,,77371,40497,36822,,0.946954905,0.86102115
12/2/2020,70-79,,81466,42641,38794,,0.997088775,0.907133086
12/9/2020,70-79,,84433,44202,40223,,1.03359016,0.940547872
12/16/2020,70-79,,88344,46238,42087,,1.08119863,0.984134407
12/22/2020,70-79,,92013,48162,43842,,1.126188166,1.02517216
12/29/2020,70-79,,96020,50276,45732,,1.175620535,1.069366662
8/6/2020,Ámbito de posible exposición,,,,,"<0,001",,
8/13/2020,Ámbito de posible exposición,,,,,"<0,001",,
8/20/2020,Ámbito de posible exposición,,,,,,,
9/9/2020,Ámbito de posible exposición,,,,,,,
9/16/2020,Ámbito de posible exposición,,,,,,,
9/23/2020,Ámbito de posible exposición,,,,,,,
9/30/2020,Ámbito de posible exposición,,,,,,,
10/7/2020,Ámbito de posible exposición,,,,,,,
10/14/2020,Ámbito de posible exposición,,,,,,,
10/21/2020,Ámbito de posible exposición,,,,,,,
10/28/2020,Ámbito de posible exposición,,,,,,,
11/6/2020,Ámbito de posible exposición,,,,,,,
11/12/2020,Ámbito de posible exposición,,,,,,,
11/18/2020,Ámbito de posible exposición*,,,,,,,
11/25/2020,Ámbito de posible exposición*,,,,,,,
12/2/2020,Ámbito de posible exposición*,,,,,,,
12/9/2020,Ámbito de posible exposición*,,,,,,,
12/16/2020,Ámbito de posible exposición*,,,,,,,
12/22/2020,Ámbito de posible exposición*,,,,,,,
12/29/2020,Ámbito de posible exposición*,,,,,,,
3/25/2020,Cáncer,,19,10,9,"0,027",,
8/6/2020,Centro sanitario,,1474,1021,293,"<0,001",,
8/6/2020,Centro sanitario,,1873,1035,755,"<0,001",,
8/13/2020,Centro sanitario,,1768,1330,438,"<0,001",,
8/13/2020,Centro sanitario,,1718,1058,658,"<0,001",,
8/20/2020,Centro sanitario,,2204,1695,509,,,
8/20/2020,Centro sanitario,,2785,1613,1171,,,
9/9/2020,Centro sanitario,,3907,2964,941,,,
9/9/2020,Centro sanitario,,4037,2403,1632,,,
9/16/2020,Centro sanitario,,4777,3644,1130,,,
9/16/2020,Centro sanitario,,4812,2868,1942,,,
9/23/2020,Centro sanitario,,5734,4355,1376,,,
9/23/2020,Centro sanitario,,6019,3613,2405,,,
9/30/2020,Centro sanitario,,6577,4994,1578,,,
9/30/2020,Centro sanitario,,6742,4031,2710,,,
10/7/2020,Centro sanitario,,7487,5692,1792,,,
10/7/2020,Centro sanitario,,7177,4320,2856,,,
10/14/2020,Centro sanitario,,8514,6477,2034,,,
10/14/2020,Centro sanitario,,7897,4747,3149,,,
10/21/2020,Centro sanitario,,9883,7537,2343,,,
10/21/2020,Centro sanitario,,8977,5397,3579,,,
10/28/2020,Centro sanitario,,11663,8918,2742,,,
10/28/2020,Centro sanitario,,10285,6211,4073,,,
11/6/2020,Centro sanitario,,14633,11147,3481,,,
11/6/2020,Centro sanitario,,11818,7137,4679,,,
11/12/2020,Centro sanitario,,16354,12465,3881,,,
11/12/2020,Centro sanitario,,13008,7845,5161,,,
11/18/2020,Centro sanitario,,19017,14470,4540,,,
11/18/2020,Centro sanitario,,15060,9141,5917,,,
11/25/2020,Centro sanitario,,20846,15854,4986,,,
11/25/2020,Centro sanitario,,16536,10074,6460,,,
12/2/2020,Centro sanitario,,22419,17060,5357,,,
12/2/2020,Centro sanitario,,17951,10972,6978,,,
12/9/2020,Centro sanitario,,23751,18076,5673,,,
12/9/2020,Centro sanitario,,18884,11557,7326,,,
12/16/2020,Centro sanitario,,25523,19428,6092,,,
12/16/2020,Centro sanitario,,20190,12379,7807,,,
12/22/2020,Centro sanitario,,27162,20740,6420,,,
12/22/2020,Centro sanitario,,21249,13069,8179,,,
12/29/2020,Centro sanitario,,28528,21754,6771,,,
12/29/2020,Centro sanitario,,22398,13802,8595,,,
8/6/2020,Centro sociosanitario,,889,667,139,"<0,001",,
8/6/2020,Centro sociosanitario,,2375,1578,622,"<0,001",,
8/13/2020,Centro sociosanitario,,1053,874,179,"<0,001",,
8/13/2020,Centro sociosanitario,,2809,1973,836,"<0,001",,
8/20/2020,Centro sociosanitario,,1097,911,186,,,
8/20/2020,Centro sociosanitario,,3573,2489,1084,,,
9/9/2020,Centro sociosanitario,,2121,1760,360,,,
9/9/2020,Centro sociosanitario,,6178,4108,2067,,,
9/16/2020,Centro sociosanitario,,2675,2234,440,,,
9/16/2020,Centro sociosanitario,,7794,5122,2669,,,
9/23/2020,Centro sociosanitario,,3229,2709,519,,,
9/23/2020,Centro sociosanitario,,9476,6149,3324,,,
9/30/2020,Centro sociosanitario,,3800,3182,617,,,
9/30/2020,Centro sociosanitario,,11125,7187,3937,,,
10/7/2020,Centro sociosanitario,,4359,3653,705,,,
10/7/2020,Centro sociosanitario,,12502,8110,4391,,,
10/14/2020,Centro sociosanitario,,4960,4139,820,,,
10/14/2020,Centro sociosanitario,,14231,9236,4994,,,
10/21/2020,Centro sociosanitario,,5668,4728,939,,,
10/21/2020,Centro sociosanitario,,16549,10731,5817,,,
10/28/2020,Centro sociosanitario,,6739,5639,1097,,,
10/28/2020,Centro sociosanitario,,20001,13032,6967,,,
11/6/2020,Centro sociosanitario,,7269,6189,1079,,,
11/6/2020,Centro sociosanitario,,24363,16017,8345,,,
11/12/2020,Centro sociosanitario,,8109,6921,1187,,,
11/12/2020,Centro sociosanitario,,27558,18210,9346,,,
11/18/2020,Centro sociosanitario,,9426,8027,1395,,,
11/18/2020,Centro sociosanitario,,31219,20742,10474,,,
11/25/2020,Centro sociosanitario,,10198,8698,1498,,,
11/25/2020,Centro sociosanitario,,34450,22911,11534,,,
12/2/2020,Centro sociosanitario,,10974,9367,1606,,,
12/2/2020,Centro sociosanitario,,37250,24800,12447,,,
12/9/2020,Centro sociosanitario,,11507,9824,1682,,,
12/9/2020,Centro sociosanitario,,38829,25893,12934,,,
12/16/2020,Centro sociosanitario,,12133,10359,1773,,,
12/16/2020,Centro sociosanitario,,41092,27408,13682,,,
12/22/2020,Centro sociosanitario,,12402,10599,1802,,,
12/22/2020,Centro sociosanitario,,42943,28633,14308,,,
12/29/2020,Centro sociosanitario,,13064,11078,1985,,,
12/29/2020,Centro sociosanitario,,45102,30082,15018,,,
11/18/2020,Desc,,342660,175751,166834,"<0,001",,
11/25/2020,Desc,,371825,190953,180781,"<0,001",,
12/2/2020,Desc,,389262,200044,189186,"<0,001",,
12/9/2020,Desc,,400650,205939,194677,"<0,001",,
12/16/2020,Desc,,412109,211693,200392,"<0,001",,
12/22/2020,Desc,,423963,217714,206215,"<0,001",,
12/29/2020,Desc,,436200,223998,212157,"<0,001",,
8/6/2020,Desconocida,,42,23,18,"<0,001",,
8/13/2020,Desconocida,,72,30,41,"<0,001",,
8/20/2020,Desconocida,,1026,533,486,,,
9/9/2020,Desconocida,,6320,3265,3012,,,
9/16/2020,Desconocida,,8913,4626,4239,,,
9/23/2020,Desconocida,,11409,5938,5416,,,
9/30/2020,Desconocida,,13819,7211,6544,,,
10/7/2020,Desconocida,,14947,7805,7072,,,
10/14/2020,Desconocida,,170,82,86,,,
10/21/2020,Desconocida,,213,110,100,,,
10/28/2020,Desconocida,,126,68,55,,,
11/6/2020,Desconocida,,139,72,64,,,
11/12/2020,Desconocida,,146,75,68,,,
11/18/2020,Desconocida,,223,114,105,,,
11/25/2020,Desconocida,,196,105,88,,,
12/2/2020,Desconocida,,217,113,101,,,
12/9/2020,Desconocida,,258,133,122,,,
12/16/2020,Desconocida,,306,157,146,,,
12/22/2020,Desconocida,,341,177,160,,,
12/29/2020,Desconocida,,319,167,148,,,
8/6/2020,Desconocido,,12662,6307,5720,"<0,001",,
8/13/2020,Desconocido,,18233,8948,9281,"<0,001",,
8/20/2020,Desconocido,,25891,12585,13298,"<0,001",,
9/9/2020,Desconocido,,62804,30872,31912,"<0,001",,
9/16/2020,Desconocido,,79065,39069,39960,"<0,001",,
9/23/2020,Desconocido,,98512,49104,49371,,,
9/30/2020,Desconocido,,117242,58662,58560,"<0,001",,
10/7/2020,Desconocido,,134821,67625,67177,"<0,001",,
10/14/2020,Desconocido,,155877,78548,77313,"<0,001",,
10/21/2020,Desconocido,,185352,93643,91694,"<0,001",,
10/28/2020,Desconocido,,220013,111725,108267,"<0,001",,
11/6/2020,Desconocido,,273838,139847,133969,"<0,001",,
11/12/2020,Desconocido,,309605,158472,151088,"<0,001",,
8/6/2020,Detección de antígeno,,0,0,,"<0,001",,
8/13/2020,Detección de antígeno,,0,0,0,"<0,001",,
8/20/2020,Detección de antígeno,,0,0,0,,,
9/9/2020,Detección de antígeno,,0,0,0,,,
9/16/2020,Detección de antígeno,,0,0,0,,,
9/23/2020,Detección de antígeno,,0,0,0,0,,
9/30/2020,Detección de antígeno,,113,68,45,,,
10/7/2020,Detección de antígeno,,5654,3003,2648,,,
10/14/2020,Detección de antígeno,,14836,7781,7053,,,
10/21/2020,Detección de antígeno,,29078,15154,13906,,,
10/28/2020,Detección de antígeno,,47560,24752,22644,,,
11/6/2020,Detección de antígeno,,76880,40036,36608,,,
11/12/2020,Detección de antígeno,,98170,51027,46882,,,
11/18/2020,Detección de antígeno,,123650,64431,58944,,,
11/25/2020,Detección de antígeno,,140169,73005,66908,,,
12/2/2020,Detección de antígeno,,154904,80682,74031,,,
12/9/2020,Detección de antígeno,,164994,85885,78947,,,
12/16/2020,Detección de antígeno,,181757,94574,87069,,,
12/22/2020,Detección de antígeno,,195746,101691,93971,,,
12/29/2020,Detección de antígeno,,212296,110266,101939,,,
3/2/2020,Diabetes,,3,2,1,,,
3/9/2020,Diabetes,,7,4,3,,,
3/16/2020,Diabetes,,0,0,0,,,
3/25/2020,Diabetes,,1712,1104,608,"<0,001",,
4/1/2020,Diabetes,,2362,943,1417,"<0,001",,
4/6/2020,Diabetes,,7396,2835,4560,"<0,001",,
4/16/2020,Diabetes,70587,11369,4652,6715,"<0,001",,
4/27/2020,Diabetes,110062,17838,7828,10010,"<0,001",,
5/4/2020,Diabetes,118490,19077,8519,10558,"<0,001",,
5/11/2020,Diabetes,135835,21425,9806,11619,"<0,001",,
5/14/2020,Diabetes,138044,21717,9904,11667,"<0,001",,
5/21/2020,Diabetes,149307,24163,11094,12923,"<0,001",,
5/29/2020,Diabetes,,24222,11120,12956,"<0,001",,
3/2/2020,Diarrea,,3,2,1,,,
3/9/2020,Diarrea,,5,3,2,,,
3/16/2020,Diarrea,,40,20,20,,,
3/25/2020,Diarrea,,320,150,170,"0,137",,
4/1/2020,Diarrea,,1500,803,694,"0,007",,
4/6/2020,Diarrea,,2278,1244,1032,"<0,001",,
4/16/2020,Diarrea,9557,2877,1582,1294,"<0,001",,
4/27/2020,Diarrea,18001,5487,3125,2362,"<0,001",,
5/4/2020,Diarrea,19323,5718,3268,2450,"<0,001",,
5/11/2020,Diarrea,33772,8000,4658,3341,"<0,001",,
5/14/2020,Diarrea,34496,8303,4835,3467,"<0,001",,
5/21/2020,Diarrea,39684,10546,6202,4343,"<0,001",,
5/29/2020,Diarrea,,10678,6284,4393,"<0,001",,
3/2/2020,Disnea,,6,3,3,,,
3/9/2020,Disnea,,27,14,13,,,
3/16/2020,Disnea,,76,40,36,,,
3/25/2020,Disnea,,694,390,304,"0,002",,
4/1/2020,Disnea,,2734,1272,1457,"<0,001",,
4/6/2020,Disnea,,5460,2485,2973,"<0,001",,
4/16/2020,Disnea,13506,6439,2967,3470,"<0,001",,
4/27/2020,Disnea,58260,30961,14930,16029,"<0,001",,
5/4/2020,Disnea,62184,32571,15816,16755,"<0,001",,
5/11/2020,Disnea,81174,38085,18768,19315,"<0,001",,
5/14/2020,Disnea,81859,38330,18915,19413,"<0,001",,
5/21/2020,Disnea,87578,41533,20606,20925,"<0,001",,
5/29/2020,Disnea,,41727,20708,21017,"<0,001",,
3/2/2020,Dolor de garganta,,6,,,,,
3/9/2020,Dolor de garganta,,33,,,,,
3/16/2020,Dolor de garganta,,91,,,,,
3/25/2020,Dolor de garganta,,451,198,253,"0,002",,
4/1/2020,Dolor de garganta,,1368,793,569,"<0,001",,
4/6/2020,Dolor de garganta,,1925,1135,785,"<0,001",,
4/16/2020,Dolor de garganta,9218,2397,1444,948,"<0,001",,
4/27/2020,Dolor de garganta,17194,4482,2768,1712,"<0,001",,
5/4/2020,Dolor de garganta,18495,4693,2914,1779,"<0,001",,
5/11/2020,Dolor de garganta,32960,6583,4201,2380,"<0,001",,
5/14/2020,Dolor de garganta,33699,6891,4392,2497,"<0,001",,
5/21/2020,Dolor de garganta,38193,8312,5313,2997,"<0,001",,
5/29/2020,Dolor de garganta,,8430,5401,3028,"<0,001",,
8/6/2020,Domicilio,,11378,5972,4192,"<0,001",,
8/13/2020,Domicilio,,15863,8628,7235,"<0,001",,
8/20/2020,Domicilio,,25781,13877,11902,,,
9/9/2020,Domicilio,,50616,27372,23238,,,
9/16/2020,Domicilio,,65277,35196,30072,,,
9/23/2020,Domicilio,,87326,46964,40348,,,
9/30/2020,Domicilio,,100335,53973,46352,,,
10/7/2020,Domicilio,,114520,61469,53045,,,
10/14/2020,Domicilio,,129610,69519,60082,,,
10/21/2020,Domicilio,,150325,80533,69782,,,
10/28/2020,Domicilio,,172257,92227,80016,,,
11/6/2020,Domicilio,,201245,107465,93767,,,
11/12/2020,Domicilio,,222035,118467,103539,,,
11/18/2020,Domicilio,,249861,133498,116318,,,
11/25/2020,Domicilio,,271350,144916,126380,,,
12/2/2020,Domicilio,,289551,154598,134934,,,
12/9/2020,Domicilio,,303167,161759,141387,,,
12/16/2020,Domicilio,,321555,171439,150094,,,
12/22/2020,Domicilio,,337486,179786,157675,,,
12/29/2020,Domicilio,,355414,189314,166071,,,
3/25/2020,Edad. Mediana (RIC),,58,61,56,"<0,001",,
4/1/2020,Edad. Mediana (RIC),,59 (45-74),57 (43-73),62 (47-75),"<0,001",,
4/6/2020,Edad. Mediana (RIC),,59 (46-74),57 (43-73),62 (48-75),"<0,001",,
4/16/2020,Edad. Mediana (RIC),122027,60 (46-75),58 (44-75),62 (48-76),"<0,001",,
4/27/2020,Edad. Mediana (RIC),198426,61 (46-78),59 (44-79),62 (49-77),"<0,001",,
5/4/2020,Edad. Mediana (RIC),210124,60 (46-78),59 (44-80),62 (48-77),"<0,001",,
5/11/2020,Edad. Mediana (RIC),229897,60 (46-78),59 (44-80),62 (48-77),"<0,001",,
5/14/2020,Edad. Mediana (RIC),233546,60 (46-78),59 (44-80),62 (48-77),"<0,001",,
5/21/2020,Edad. Mediana (RIC)2,247169,60 (46-79),59 (44-81),62 (48-77),"<0,001",,
5/29/2020,Edad. Mediana (RIC)2,,60 (46-79),59 (44-81),62 (48-77),"<0,001",,
8/6/2020,ELISA,,1455,1006,448,"<0,001",,
8/13/2020,ELISA,,1456,1010,444,"<0,001",,
8/20/2020,ELISA,,1453,1004,448,"<0,001",,
9/9/2020,ELISA,,1576,1079,495,"<0,001",,
9/16/2020,ELISA,,1597,1093,502,"<0,001",,
9/23/2020,ELISA,,1635,1114,519,,,
9/30/2020,ELISA,,1676,1138,536,"<0,001",,
10/7/2020,ELISA,,1706,1158,546,"<0,001",,
10/14/2020,ELISA,,1733,1171,562,"<0,001",,
10/21/2020,ELISA,,1786,1202,584,"<0,001",,
10/28/2020,ELISA,,2006,1340,666,"<0,001",,
11/6/2020,ELISA,,2057,1371,686,"<0,001",,
11/12/2020,ELISA,,2163,1427,736,"<0,001",,
11/18/2020,ELISA,,2572,1678,894,"<0,001",,
11/25/2020,ELISA,,2646,1719,927,"<0,001",,
12/2/2020,ELISA,,2730,1760,970,"<0,001",,
12/9/2020,ELISA,,2773,1785,988,"<0,001",,
12/16/2020,ELISA,,2846,1830,1016,"<0,001",,
12/22/2020,ELISA,,2899,1858,1041,"<0,001",,
12/29/2020,ELISA,,2932,1880,1052,"<0,001",,
3/2/2020,Enfermedad cardiovascular,,4,,,,,
3/9/2020,Enfermedad cardiovascular,,8,,,,,
3/16/2020,Enfermedad cardiovascular,,31,,,,,
3/25/2020,Enfermedad cardiovascular,,4236,2532,1704,"<0,001",,
4/1/2020,Enfermedad cardiovascular,,4329,1762,2562,"<0,001",,
4/6/2020,Enfermedad cardiovascular,,11918,4784,7130,"<0,001",,
4/16/2020,Enfermedad cardiovascular,70587,22793,9783,13007,"<0,001",,
4/27/2020,Enfermedad cardiovascular,110062,33140,14964,18174,"<0,001",,
5/4/2020,Enfermedad cardiovascular,118490,35190,16065,19125,"<0,001",,
5/11/2020,Enfermedad cardiovascular,135835,38704,18086,20613,"<0,001",,
5/14/2020,Enfermedad cardiovascular,138044,39201,18272,20706,"<0,001",,
5/21/2020,Enfermedad cardiovascular,149307,43278,20251,22804,"<0,001",,
5/29/2020,Enfermedad cardiovascular,,43420,20309,22889,"<0,001",,
3/2/2020,Enfermedad de base y factores de riesgo,,,,,,,
3/9/2020,Enfermedad de base y factores de riesgo,,,,,,,
3/16/2020,Enfermedad de base y factores de riesgo,,,,,,,
3/9/2020,Enfermedad hepática,,1,,,,,
3/16/2020,Enfermedad hepática,,0,,,,,
3/25/2020,Enfermedad hepática,,39,22,17,"0,558",,
3/9/2020,Enfermedad neuromuscular,,2,,,,,
3/16/2020,Enfermedad neuromuscular,,0,,,,,
3/25/2020,Enfermedad neuromuscular,,48,27,21,"0,092",,
3/2/2020,Enfermedad respiratoria,,0,,,,,
3/9/2020,Enfermedad respiratoria,,4,,,,,
3/16/2020,Enfermedad respiratoria,,12,,,,,
3/25/2020,Enfermedad respiratoria,,1485,901,584,"<0,001",,
4/1/2020,Enfermedad respiratoria,,1294,470,822,"<0,001",,
4/6/2020,Enfermedad respiratoria,,4861,1839,3021,"<0,001",,
4/16/2020,Enfermedad respiratoria,70587,6745,2635,4108,"<0,001",,
4/27/2020,Enfermedad respiratoria,110062,11566,4717,6848,"<0,001",,
5/4/2020,Enfermedad respiratoria,118490,12362,5094,7268,"<0,001",,
5/11/2020,Enfermedad respiratoria,135835,13973,5891,8081,"<0,001",,
5/14/2020,Enfermedad respiratoria,138044,14674,6197,8304,"<0,001",,
5/21/2020,Enfermedad respiratoria,149307,16399,6957,9269,"<0,001",,
5/29/2020,Enfermedad respiratoria,,16454,6981,9300,"<0,001",,
3/25/2020,Enfermedades y factores de riesgo,,6210,3568,2642,,,
4/1/2020,Enfermedades y factores de riesgo,,20090,9036,11045,"<0,001",,
4/6/2020,Enfermedades y factores de riesgo,,,,,"<0,001",,
4/16/2020,Enfermedades y factores de riesgo,,,,,"<0,001",,
4/27/2020,Enfermedades y factores de riesgo,,,,,,,
5/4/2020,Enfermedades y factores de riesgo,,,,,,,
5/11/2020,Enfermedades y factores de riesgo,,,,,,,
5/14/2020,Enfermedades y factores de riesgo,,,,,,,
5/21/2020,Enfermedades y factores de riesgo,,,,,,,
5/29/2020,Enfermedades y factores de riesgo¹,,,,,,,
3/2/2020,Escalofrios,,6,,,,,
3/9/2020,Escalofrios,,18,,,,,
3/16/2020,Escalofrios,,80,,,,,
3/25/2020,Escalofrios,,533,283,250,"0,178",,
4/1/2020,Escalofrios,,1582,754,824,"0,029",,
4/6/2020,Escalofrios,,2243,1110,1130,"0,222",,
4/16/2020,Escalofrios,8024,2721,1367,1351,"<0,001",,
4/27/2020,Escalofrios,16934,5612,3003,2606,"0,216",,
5/4/2020,Escalofrios,18219,5772,3097,2675,"<0,001",,
5/11/2020,Escalofrios,32684,6713,3599,3112,"<0,001",,
5/14/2020,Escalofrios,33431,7066,3805,3259,"<0,001",,
5/21/2020,Escalofrios,37908,8737,4788,3947,"<0,001",,
5/29/2020,Escalofrios,,8843,4855,3987,"<0,001",,
8/6/2020,Escolar,,101,45,56,"<0,001",,
8/13/2020,Escolar,,128,60,68,"<0,001",,
8/20/2020,Escolar,,172,88,84,,,
9/9/2020,Escolar,,260,131,129,,,
9/16/2020,Escolar,,383,190,192,,,
9/23/2020,Escolar,,1041,522,518,,,
9/30/2020,Escolar,,1771,920,851,,,
10/7/2020,Escolar,,2819,1462,1357,,,
10/14/2020,Escolar,,4075,2116,1959,,,
10/21/2020,Escolar,,5751,2961,2790,,,
10/28/2020,Escolar,,7521,3845,3675,,,
11/6/2020,Escolar,,9563,4863,4700,,,
11/12/2020,Escolar,,11025,5603,5421,,,
11/18/2020,Escolar,,13100,6673,6424,,,
11/25/2020,Escolar,,14763,7563,7197,,,
12/2/2020,Escolar,,15946,8174,7772,,,
12/9/2020,Escolar,,16865,8639,8226,,,
12/16/2020,Escolar,,17832,9151,8681,,,
12/22/2020,Escolar,,18706,9609,9097,,,
12/29/2020,Escolar,,19675,10152,9523,,,
3/2/2020,Fallo renal agudo,,0,,,,,
3/9/2020,Fallo renal agudo,,2,,,,,
3/16/2020,Fallo renal agudo,,6,,,,,
3/25/2020,Fallo renal agudo,,21,16,5,"0,584",,
3/25/2020,Fallo renal agudo,,105,72,33,"<0,001",,
4/1/2020,Fallo renal agudo,,646,224,422,"<0,001",,
4/6/2020,Fallo renal agudo,,1102,378,724,"<0,001",,
4/16/2020,Fallo renal agudo,41939,1993,675,1317,"<0,001",,
4/27/2020,Fallo renal agudo,65235,3184,1159,2025,"<0,001",,
5/4/2020,Fallo renal agudo,69880,3614,1349,2265,"<0,001",,
5/11/2020,Fallo renal agudo,80271,4170,1577,2593,"<0,001",,
5/14/2020,Fallo renal agudo,81633,4212,1597,2615,"<0,001",,
5/21/2020,Fallo renal agudo,85735,4479,1710,2769,"<0,001",,
5/29/2020,Fallo renal agudo,,4515,1725,2790,"<0,001",,
3/2/2020,Fiebre ,,28,,,,,
3/9/2020,Fiebre ,,76,,,,,
3/16/2020,Fiebre ,,238,,,,,
3/25/2020,Fiebre ,,1503,817,686,"<0,001",,
4/1/2020,Fiebre ,,4911,2265,2639,"<0,001",,
4/6/2020,Fiebre ,,6785,3189,3589,"<0,001",,
4/16/2020,Fiebre ,11073,8112,3840,4267,"<0,001",,
4/27/2020,Fiebre ,62433,47161,22878,24281,"<0,001",,
5/4/2020,Fiebre ,66608,49640,24252,25388,"<0,001",,
5/11/2020,Fiebre ,92979,67236,33448,33779,"<0,001",,
5/14/2020,Fiebre ,93850,67856,33781,34066,"<0,001",,
5/21/2020,Fiebre ,101179,73691,36936,36746,"<0,001",,
5/29/2020,Fiebre ,,74057,37099,36949,"<0,001",,
3/2/2020,Grupo de edad (años),,,,,,,
3/9/2020,Grupo de edad (años),,,,,,,
3/16/2020,Grupo de edad (años),,,,,,,
3/25/2020,Grupo de edad (años),,,,,,,
4/1/2020,Grupo de edad (años),,,,,"<0,001",,
4/6/2020,Grupo de edad (años),,,,,"<0,001",,
4/16/2020,Grupo de edad (años),122027,,,,"<0,001",,
4/27/2020,Grupo de edad (años),198426,,,,"<0,001",,
5/4/2020,Grupo de edad (años),,,,,,,
5/11/2020,Grupo de edad (años),,,,,,,
5/14/2020,Grupo de edad (años),,,,,,,
5/21/2020,Grupo de edad (años),,,,,,,
5/29/2020,Grupo de edad (años),,,,,,,
8/6/2020,Grupo de edad (años),,,,,"<0,001",,
8/13/2020,Grupo de edad (años),,,,,"<0,001",,
8/20/2020,Grupo de edad (años),,,,,,,
9/9/2020,Grupo de edad (años),,,,,,,
9/16/2020,Grupo de edad (años),,,,,,,
9/23/2020,Grupo de edad (años),,,,,,,
9/30/2020,Grupo de edad (años),,,,,,,
10/7/2020,Grupo de edad (años),,,,,,,
10/14/2020,Grupo de edad (años),,,,,,,
10/21/2020,Grupo de edad (años),,,,,,,
10/28/2020,Grupo de edad (años),,,,,,,
11/6/2020,Grupo de edad (años),,,,,,,
11/12/2020,Grupo de edad (años),,,,,,,
11/18/2020,Grupo de edad (años),,,,,,,
11/25/2020,Grupo de edad (años),,,,,,,
12/2/2020,Grupo de edad (años),,,,,,,
12/9/2020,Grupo de edad (años),,,,,,,
12/16/2020,Grupo de edad (años),,,,,,,
12/22/2020,Grupo de edad (años),,,,,,,
12/29/2020,Grupo de edad (años),,,,,,,
4/1/2020,Hipertension arterial,,500,238,262,"0,577",,
4/6/2020,Hipertension arterial,,2047,940,1107,"0,009",,
4/16/2020,Hipertension arterial,70587,9938,4759,5179,"<0,001",,
4/27/2020,Hipertension arterial,110062,20750,10796,9954,"<0,001",,
5/4/2020,Hipertension arterial,118490,23377,12358,11019,"<0,001",,
5/11/2020,Hipertension arterial,135835,27137,14676,12461,"<0,001",,
5/14/2020,Hipertension arterial,138044,29113,15612,13107,"<0,001",,
5/21/2020,Hipertension arterial,149307,31761,17154,14213,"0,037",,
5/29/2020,Hipertension arterial,,31800,17176,14230,"0,035",,
3/25/2020,Hipertensión arterial,,69,32,37,"0,958",,
4/1/2020,Hospitalizacion,,23102,9443,13647,"<0,001",,
4/6/2020,Hospitalizacion,,39743,16406,23327,"<0,001",,
4/27/2020,Hospitalizacion,170914,79697,34419,45271,"<0,001",,
5/4/2020,Hospitalizacion,182568,83905,36640,47265,"<0,001",,
5/11/2020,Hospitalizacion,201645,88707,39019,49612,"<0,001",,
5/14/2020,Hospitalizacion,206497,89504,39363,49976,"<0,001",,
5/21/2020,Hospitalizacion,239628,92087,40570,51352,"<0,001",,
5/29/2020,Hospitalizacion,,92113,40585,51363,"<0,001",,
8/6/2020,Importado,,1011,394,604,"<0,001",,
8/13/2020,Importado,,1268,499,765,"<0,001",,
8/20/2020,Importado,,1325,531,791,"<0,001",,
9/9/2020,Importado,,1739,705,1030,"<0,001",,
9/16/2020,Importado,,1977,823,1149,"<0,001",,
9/23/2020,Importado,,2321,985,1332,,,
9/30/2020,Importado,,2540,1084,1454,"<0,001",,
10/7/2020,Importado,,2636,1133,1501,"<0,001",,
10/14/2020,Importado,,2838,1227,1610,"<0,001",,
10/21/2020,Importado,,3225,1404,1820,"<0,001",,
10/28/2020,Importado,,3868,1558,2308,"<0,001",,
11/6/2020,Importado,,4169,1697,2470,"<0,001",,
11/12/2020,Importado,,4317,1751,2565,"<0,001",,
11/18/2020,Importado,,4349,1755,2593,"<0,001",,
11/25/2020,Importado,,4022,1559,2461,"<0,001",,
12/2/2020,Importado,,4102,1586,2514,"<0,001",,
12/9/2020,Importado,,4216,1635,2579,"<0,001",,
12/16/2020,Importado,,4327,1673,2652,"<0,001",,
12/22/2020,Importado,,4390,1700,2685,"<0,001",,
12/29/2020,Importado,,4540,1762,2774,"<0,001",,
3/9/2020,Inmunodepresión,,2,,,,,
3/16/2020,Inmunodepresión,,5,,,,,
3/25/2020,Inmunodepresión,,23,16,7,"<0,001",,
8/6/2020,Laboral,,3886,1811,1772,"<0,001",,
8/13/2020,Laboral,,5024,2327,2695,"<0,001",,
8/20/2020,Laboral,,7010,3271,3737,,,
9/9/2020,Laboral,,12448,5958,6486,,,
9/16/2020,Laboral,,15096,7260,7832,,,
9/23/2020,Laboral,,18824,9336,9484,,,
9/30/2020,Laboral,,21555,10792,10758,,,
10/7/2020,Laboral,,23776,11922,11847,,,
10/14/2020,Laboral,,26108,13117,12982,,,
10/21/2020,Laboral,,29196,14701,14482,,,
10/28/2020,Laboral,,33019,16680,16317,,,
11/6/2020,Laboral,,37815,19206,18578,,,
11/12/2020,Laboral,,41344,20995,20297,,,
11/18/2020,Laboral,,46283,23577,22641,,,
11/25/2020,Laboral,,49784,25344,24370,,,
12/2/2020,Laboral,,52639,26789,25794,,,
12/9/2020,Laboral,,54749,27818,26875,,,
12/16/2020,Laboral,,57497,29267,28174,,,
12/22/2020,Laboral,,59905,30502,29343,,,
12/29/2020,Laboral,,62651,31884,30703,,,
8/6/2020,Mediana de edad (rango),,38,39,38,"<0,001",,
8/13/2020,Mediana de edad (rango),,38,39,37,"<0,001",,
8/20/2020,Mediana de edad (rango),,38,38,37,"<0,001",,
9/9/2020,Mediana de edad (rango),,38,39,37,"<0,001",,
9/16/2020,Mediana de edad (rango),,38,39,38,"<0,001",,
9/23/2020,Mediana de edad (rango),,39,39,38,,,
9/30/2020,Mediana de edad (rango),,39,39,38,"<0,001",,
10/7/2020,Mediana de edad (rango),,39,39,38,"<0,001",,
10/14/2020,Mediana de edad (rango),,39,40,39,"<0,001",,
10/21/2020,Mediana de edad (rango),,39,40,39,"<0,001",,
10/28/2020,Mediana de edad (rango),,40,40,39,"<0,001",,
11/6/2020,Mediana de edad (rango),,40 (24-56),41 (24-56),40 (23-55),"<0,001",,
11/12/2020,Mediana de edad (rango),,40,41,40,"<0,001",,
11/18/2020,Mediana de edad (rango),,41 (24-56),41 (25-57),40 (23-55),"<0,001",,
11/25/2020,Mediana de edad (rango),,41 (24-56),42 (25-57),40 (23-56),"<0,001",,
12/2/2020,Mediana de edad (rango),,41 (24-57),42 (25-57),40 (23-56),"<0,001",,
12/9/2020,Mediana de edad (rango),,41 (24-57),42 (25-57),40 (23-56),"<0,001",,
12/16/2020,Mediana de edad (rango),,41 (24-57),42 (25-57),40 (23-56),"<0,001",,
12/22/2020,Mediana de edad (rango),,41 (24-57),42 (25-57),41 (23-56),"<0,001",,
12/29/2020,Mediana de edad (rango),,41 (24-57),42 (25-58),41 (23-56),"<0,001",,
3/2/2020,Mediana de edad (RIC),,41,,,,,
3/9/2020,Mediana de edad (RIC),,47,,,,,
3/16/2020,Mediana de edad (RIC),,51,,,,,
3/2/2020,Neumonia ,,5,,,,,
3/9/2020,Neumonia ,,19,,,,,
3/16/2020,Neumonia ,,62,,,,,
3/25/2020,Neumonia ,,3653,2210,1443,"<0,001",,
4/1/2020,Neumonia ,,14575,5869,8700,"<0,001",,
4/6/2020,Neumonia ,,25090,10233,14856,"<0,001",,
4/16/2020,Neumonia ,65867,39179,16294,22880,"<0,001",,
4/27/2020,Neumonia ,94932,52903,22746,30154,"<0,001",,
5/4/2020,Neumonia ,102547,56365,24413,31952,"<0,001",,
5/11/2020,Neumonia ,117506,63805,27731,36071,"<0,001",,
5/14/2020,Neumonia ,119044,64172,27914,36255,"<0,001",,
5/21/2020,Neumonia ,124671,67120,29246,37871,"<0,001",,
5/29/2020,Neumonia ,,67293,29317,37973,"<0,001",,
8/6/2020,Número de contactos estrechos identificados,,3,3,3,"<0,001",,
8/13/2020,Número de contactos estrechos identificados,,3,3,3,"<0,001",,
8/20/2020,Número de contactos estrechos identificados,,3,3,3,"<0,001",,
9/9/2020,Número de contactos estrechos identificados,,3(1-5),3(1-5),3,"0,204",,
9/16/2020,Número de contactos estrechos identificados,,3(1-5),3,3,"0,584",,
9/23/2020,Número de contactos estrechos identificados,,3,3,3,,,
9/30/2020,Número de contactos estrechos identificados,,3,3,3,"0,310",,
10/7/2020,Número de contactos estrechos identificados,,3,3,3,"0,123",,
10/14/2020,Número de contactos estrechos identificados,,3,3,3,"0,187",,
10/21/2020,Número de contactos estrechos identificados,,3,3,3,"0,157",,
10/28/2020,Número de contactos estrechos identificados,,2,3,2,"0,006",,
11/6/2020,Número de contactos estrechos identificados,,2,2,2,"<0,001",,
11/12/2020,Número de contactos estrechos identificados,,2,2,2,"<0,001",,
11/18/2020,Número de contactos estrechos identificados*,,2(1-4),2(1-4),2,"<0,001",,
11/25/2020,Número de contactos estrechos identificados*,,2(1-4),2(1-4),2,"<0,001",,
12/2/2020,Número de contactos estrechos identificados*,,2(1-4),2(1-4),2,"<0,001",,
12/9/2020,Número de contactos estrechos identificados*,,2(1-4),2(1-4),2,"<0,001",,
12/16/2020,Número de contactos estrechos identificados*,,2(1-4),2(1-4),2,"<0,001",,
12/22/2020,Número de contactos estrechos identificados*,,2(1-4),2(1-4),2,"<0,001",,
12/29/2020,Número de contactos estrechos identificados*,,2(1-4),2(1-4),2,"<0,001",,
3/2/2020,Otra,,1,,,,,
3/9/2020,Otra,,7,,,,,
3/16/2020,Otra,,26,,,,,
3/25/2020,Otra,,1331,737,594,"0,346",,
8/6/2020,Otros,,6269,2910,2685,"<0,001",,
8/13/2020,Otros,,8629,4154,4472,"<0,001",,
8/20/2020,Otros,,12998,6262,6735,,,
9/9/2020,Otros,,24776,12009,12760,,,
9/16/2020,Otros,,30464,14932,15524,,,
9/23/2020,Otros,,37165,18313,18843,,,
9/30/2020,Otros,,41863,20782,21077,,,
10/7/2020,Otros,,45829,22831,22995,,,
10/14/2020,Otros,,50371,25134,25234,,,
10/21/2020,Otros,,57056,28615,28437,,,
10/28/2020,Otros,,64654,32498,32149,,,
11/6/2020,Otros,,73709,37152,36547,,,
11/12/2020,Otros,,79112,39921,39177,,,
11/18/2020,Otros,,86599,43830,42749,,,
11/25/2020,Otros,,91465,46339,45104,,,
12/2/2020,Otros,,95949,48670,47272,,,
12/9/2020,Otros,,99206,50384,48815,,,
12/16/2020,Otros,,103782,52749,51026,,,
12/22/2020,Otros,,108115,54917,53188,,,
12/29/2020,Otros,,111120,56459,54649,,,
8/6/2020,Otros centros,,272,181,73,"<0,001",,
8/13/2020,Otros centros,,380,271,109,"<0,001",,
8/20/2020,Otros centros,,429,296,133,"<0,001",,
9/9/2020,Otros centros,,815,569,246,"<0,001",,
9/16/2020,Otros centros,,975,683,292,"<0,001",,
9/23/2020,Otros centros,,1160,803,357,,,
9/30/2020,Otros centros,,1311,919,392,"<0,001",,
10/7/2020,Otros centros,,1498,1052,446,"<0,001",,
10/14/2020,Otros centros,,1745,1222,523,"<0,001",,
10/21/2020,Otros centros,,1950,1357,593,"<0,001",,
10/28/2020,Otros centros,,2279,1577,702,"<0,001",,
11/6/2020,Otros centros,,2707,1888,819,"<0,001",,
11/12/2020,Otros centros,,2932,2058,874,"<0,001",,
11/18/2020,Otros centros,,3401,2416,984,"<0,001",,
11/25/2020,Otros centros,,3689,2629,1053,"<0,001",,
12/2/2020,Otros centros,,3925,2812,1108,"<0,001",,
12/9/2020,Otros centros,,4097,2936,1156,"<0,001",,
12/16/2020,Otros centros,,4103,2931,1167,"<0,001",,
12/22/2020,Otros centros,,3793,2681,1107,"<0,001",,
12/29/2020,Otros centros,,3998,2836,1157,"<0,001",,
3/2/2020,Otros síntomas,,3,,,,,
3/9/2020,Otros síntomas,,29,,,,,
3/16/2020,Otros síntomas,,104,,,,,
3/2/2020,Otros sintomas resp.,,0,,,,,
3/9/2020,Otros sintomas resp.,,1,,,,,
3/16/2020,Otros sintomas resp.,,3,,,,,
3/25/2020,Otros síntomas resp.,,616,346,270,"0,036",,
4/1/2020,Otros síntomas resp.,,3332,1476,1856,"<0,001",,
4/6/2020,Otros síntomas resp.,,4904,2197,2707,"<0,001",,
4/16/2020,Otros síntomas resp.,37827,5829,2562,3265,"<0,001",,
4/27/2020,Otros síntomas resp.,55352,8436,3812,4624,"<0,001",,
5/4/2020,Otros síntomas resp.,59576,8336,3741,4595,"<0,001",,
5/11/2020,Otros síntomas resp.,67652,6352,2703,3649,"<0,001",,
5/14/2020,Otros síntomas resp.,69032,6411,2728,3683,"<0,001",,
5/21/2020,Otros síntomas resp.,69594,6417,2721,3696,"<0,001",,
5/29/2020,Otros síntomas resp.,,6407,2699,3708,"<0,001",,
8/6/2020,PCR/Técnicas moleculares,,73641,35741,30494,"<0,001",,
8/13/2020,PCR/Técnicas moleculares,,95590,48305,45424,"<0,001",,
8/20/2020,PCR/Técnicas moleculares,,139924,71434,68195,,,
9/9/2020,PCR/Técnicas moleculares,,300232,153968,146064,,,
9/16/2020,PCR/Técnicas moleculares,,368834,189628,178981,,,
9/23/2020,PCR/Técnicas moleculares,,445238,229742,215261,,,
9/30/2020,PCR/Técnicas moleculares,,518234,268297,249736,,,
10/7/2020,PCR/Técnicas moleculares,,578157,299646,278307,,,
10/14/2020,PCR/Técnicas moleculares,,655852,340374,315312,,,
10/21/2020,PCR/Técnicas moleculares,,738247,383529,354545,,,
10/28/2020,PCR/Técnicas moleculares,,849502,442735,406550,,,
11/6/2020,PCR/Técnicas moleculares,,986688,515297,471149,,,
11/12/2020,PCR/Técnicas moleculares,,1074223,561876,512015,,,
11/18/2020,PCR/Técnicas moleculares,,1165240,610634,553938,,,
11/25/2020,PCR/Técnicas moleculares,,1228234,644235,583251,,,
12/2/2020,PCR/Técnicas moleculares,,1274077,668960,604711,,,
12/9/2020,PCR/Técnicas moleculares,,1310214,688310,621582,,,
12/16/2020,PCR/Técnicas moleculares,,1354511,711705,642382,,,
12/22/2020,PCR/Técnicas moleculares,,1397044,734183,662566,,,
12/29/2020,PCR/Técnicas moleculares,,1441844,757829,683704,,,
8/6/2020,Personal sanitario que trabaja en,,,,,"<0,001",,
8/13/2020,Personal sanitario que trabaja en,,,,,"<0,001",,
8/20/2020,Personal sanitario que trabaja en,,,,,,,
9/9/2020,Personal sanitario que trabaja en,,,,,,,
9/16/2020,Personal sanitario que trabaja en,,,,,,,
9/23/2020,Personal sanitario que trabaja en,,,,,,,
9/30/2020,Personal sanitario que trabaja en,,,,,,,
10/7/2020,Personal sanitario que trabaja en,,,,,,,
10/14/2020,Personal sanitario que trabaja en,,,,,,,
10/21/2020,Personal sanitario que trabaja en,,,,,,,
10/28/2020,Personal sanitario que trabaja en,,,,,,,
11/6/2020,Personal sanitario que trabaja en,,,,,,,
11/12/2020,Personal sanitario que trabaja en,,,,,,,
11/18/2020,Personal sanitario que trabaja en*,,,,,,,
11/25/2020,Personal sanitario que trabaja en*,,,,,,,
12/2/2020,Personal sanitario que trabaja en*,,,,,,,
12/9/2020,Personal sanitario que trabaja en*,,,,,,,
12/16/2020,Personal sanitario que trabaja en*,,,,,,,
12/22/2020,Personal sanitario que trabaja en*,,,,,,,
12/29/2020,Personal sanitario que trabaja en*,,,,,,,
8/6/2020,Personal sanitario y sociosanitario,,2635,1869,505,"<0,001",,
8/13/2020,Personal sanitario y sociosanitario,,3201,2475,726,"<0,001",,
8/20/2020,Personal sanitario y sociosanitario,,3730,2902,828,"<0,001",,
9/9/2020,Personal sanitario y sociosanitario,,6843,5293,1547,"<0,001",,
9/16/2020,Personal sanitario y sociosanitario,,8427,6561,1862,"<0,001",,
9/23/2020,Personal sanitario y sociosanitario,,10123,7867,2252,,,
9/30/2020,Personal sanitario y sociosanitario,,11688,9095,2587,"<0,001",,
10/7/2020,Personal sanitario y sociosanitario,,13344,10397,2943,"<0,001",,
10/14/2020,Personal sanitario y sociosanitario,,15219,11838,3377,"<0,001",,
10/21/2020,Personal sanitario y sociosanitario,,17501,13622,3875,"<0,001",,
10/28/2020,Personal sanitario y sociosanitario,,20681,16134,4541,"<0,001",,
11/6/2020,Personal sanitario y sociosanitario,,24609,19224,5379,"<0,001",,
11/12/2020,Personal sanitario y sociosanitario,,27395,21444,5942,"<0,001",,
11/18/2020,Personal sanitario y sociosanitario,,31844,24913,6919,"<0,001",,
11/25/2020,Personal sanitario y sociosanitario,,34733,27181,7537,"<0,001",,
12/2/2020,Personal sanitario y sociosanitario,,37318,29239,8071,"<0,001",,
12/9/2020,Personal sanitario y sociosanitario,,39355,30836,8511,"<0,001",,
12/16/2020,Personal sanitario y sociosanitario,,41759,32718,9032,"<0,001",,
12/22/2020,Personal sanitario y sociosanitario,,43357,34020,9329,"<0,001",,
12/29/2020,Personal sanitario y sociosanitario,,45590,35668,9913,"<0,001",,
8/6/2020,Prueba de laboratorio*,,,,,"<0,001",,
8/13/2020,Prueba de laboratorio*,,,,,"<0,001",,
8/20/2020,Prueba de laboratorio*,,,,,,,
9/9/2020,Prueba de laboratorio*,,,,,,,
9/16/2020,Prueba de laboratorio*,,,,,,,
9/23/2020,Prueba de laboratorio*,,,,,,,
9/30/2020,Prueba de laboratorio*,,,,,,,
10/7/2020,Prueba de laboratorio*,,,,,,,
10/14/2020,Prueba de laboratorio*,,,,,,,
10/21/2020,Prueba de laboratorio*,,,,,,,
10/28/2020,Prueba de laboratorio*,,,,,,,
11/6/2020,Prueba de laboratorio*,,,,,,,
11/12/2020,Prueba de laboratorio*,,,,,,,
11/18/2020,Prueba de laboratorio*,,,,,,,
11/25/2020,Prueba de laboratorio*,,,,,,,
12/2/2020,Prueba de laboratorio*,,,,,,,
12/9/2020,Prueba de laboratorio*,,,,,,,
12/16/2020,Prueba de laboratorio*,,,,,,,
12/22/2020,Prueba de laboratorio*,,,,,,,
12/29/2020,Prueba de laboratorio*,,,,,,,
3/2/2020,SDRA,,0,,,,,
3/9/2020,SDRA,,4,,,,,
3/16/2020,SDRA,,10,,,,,
3/2/2020,Sexo,,33,7,26,,,
3/9/2020,Sexo,,122,38,84,,,
3/16/2020,Sexo,,687,360,327,,,
3/25/2020,Sexo,,,10055,10527,"<0,001",,
4/1/2020,Sexo,,52129,25948,26153,,,
4/6/2020,Sexo,,83660,42448,41185,,,
4/16/2020,Sexo,122469,,64449,58008,"<0,001",,
4/27/2020,Sexo,198863,,110056,88807,,,
5/4/2020,Sexo,210881,210881,117830,93051,,,
5/11/2020,Sexo,230974,,130951,100023,,,
5/14/2020,Sexo,234657,,133284,101373,,,
5/21/2020,Sexo,248335,,141581,106754,,,
5/29/2020,Sexo,,,141571,106758,,,
8/6/2020,Sexo,,,36774,30964,"<0,001",,
8/13/2020,Sexo,,,49349,45913,"<0,001",,
8/20/2020,Sexo,,,72975,69133,,,
9/9/2020,Sexo,,,158317,149576,,,
9/16/2020,Sexo,,195353,183726,,,,
9/23/2020,Sexo,,,236799,221201,,,
9/30/2020,Sexo,,,276720,256870,,,
10/7/2020,Sexo,,,311620,288586,,,
10/14/2020,Sexo,,,349417,323024,,,
10/21/2020,Sexo,,,400007,369150,,,
10/28/2020,Sexo,,,468917,429945,,,
11/6/2020,Sexo,,,556817,508552,,,
11/12/2020,Sexo,,,614454,559757,,,
11/18/2020,Sexo,,,676917,613944,,,
11/25/2020,Sexo,,,719129,651240,,,
12/2/2020,Sexo,,,751585,679887,,,
12/9/2020,Sexo,,,776191,701713,,,
12/16/2020,Sexo,,,808354,730699,,,
12/22/2020,Sexo,,,838006,757833,,,
12/29/2020,Sexo,,,870236,786938,,,
3/25/2020,Síndrome de distres respiratorio agudo,,166,112,54,"<0,001",,
4/1/2020,Síndrome de distres respiratorio agudo,,547,187,359,"<0,001",,
4/6/2020,Síndrome de distres respiratorio agudo,,1695,601,1094,"<0,001",,
4/16/2020,Síndrome de distres respiratorio agudo,37128,2760,1013,1744,"<0,001",,
4/27/2020,Síndrome de distres respiratorio agudo,62859,4248,1593,2655,"<0,001",,
5/4/2020,Síndrome de distres respiratorio agudo,69441,4704,1763,2941,"<0,001",,
5/11/2020,Síndrome de distres respiratorio agudo,79881,5358,2022,3336,"<0,001",,
5/14/2020,Síndrome de distres respiratorio agudo,81282,5419,2051,3368,"<0,001",,
5/21/2020,Síndrome de distres respiratorio agudo,85496,5807,2227,3580,"<0,001",,
5/29/2020,Síndrome de distrés respiratorio agudo,,5846,2242,3604,"<0,001",,
8/6/2020,Sintomas,,37460,18937,16208,"0,028",,
8/13/2020,Sintomas,,54429,27924,26486,"<0,001",,
8/20/2020,Sintomas,,78076,39932,38134,"0,011",,
9/9/2020,Sintomas,,135081,69398,65661,"0,287",,
9/16/2020,Sintomas,,166598,85834,80725,"0,573",,
9/23/2020,Sintomas,,213905,110926,102932,,,
9/30/2020,Sintomas,,244895,127303,117563,"0,201",,
10/7/2020,Sintomas,,276751,144239,132487,"0,016",,
10/14/2020,Sintomas,,313338,163681,149633,"<0,001",,
10/21/2020,Sintomas,,366809,191801,174977,"<0,001",,
10/28/2020,Sintomas,,428598,224748,203793,"<0,001",,
11/6/2020,Sintomas,,490696,257635,232995,"<0,001",,
11/12/2020,Sintomas,,539972,284097,255754,"<0,001",,
3/2/2020,Síntomas,,,,,,,
3/9/2020,Síntomas,,,,,,,
3/16/2020,Síntomas,,,,,,,
3/25/2020,Síntomas,,,,,,,
4/1/2020,Síntomas,,,,,"<0,001",,
4/6/2020,Síntomas,,,,,"<0,001",,
4/16/2020,Síntomas,,,,,"<0,001",,
4/27/2020,Síntomas,,,,,,,
5/4/2020,Síntomas,,,,,,,
5/11/2020,Síntomas,,,,,,,
5/14/2020,Síntomas,,,,,,,
11/18/2020,Síntomas,,618406,327446,290782,"<0,001",,
11/25/2020,Síntomas,,664083,352020,311873,"<0,001",,
12/2/2020,Síntomas,,703891,373472,330333,"<0,001",,
12/9/2020,Síntomas,,738194,392212,345893,"<0,001",,
12/16/2020,Síntomas,,776732,412923,363716,"<0,001",,
12/22/2020,Síntomas,,811660,431546,380001,"<0,001",,
12/29/2020,Síntomas,,850442,452200,398117,"<0,001",,
5/21/2020,Síntomas¹,,,,,,,
5/29/2020,Síntomas¹,,,,,,,
3/2/2020,Sobrepeso/obesidad,,1,,,,,
11/18/2020,Social^,,20,9,11,,,
11/25/2020,Social^,,172,97,75,,,
12/2/2020,Social^,,790,445,345,,,
12/9/2020,Social^,,1259,687,572,,,
12/16/2020,Social^,,1849,987,862,,,
12/22/2020,Social^,,2266,1176,1090,,,
12/29/2020,Social^,,2924,1496,1428,,,
8/6/2020,Test rápido de anticuerpos,,8,4,,"<0,001",,
8/13/2020,Test rápido de anticuerpos,,8,4,4,"<0,001",,
8/20/2020,Test rápido de anticuerpos,,8,4,4,,,
9/9/2020,Test rápido de anticuerpos,,10,5,5,,,
9/16/2020,Test rápido de anticuerpos,,10,6,4,,,
9/23/2020,Test rápido de anticuerpos,,10,5,5,,,
9/30/2020,Test rápido de anticuerpos,,15,6,9,,,
10/7/2020,Test rápido de anticuerpos,,21,8,13,,,
10/14/2020,Test rápido de anticuerpos,,20,9,11,,,
10/21/2020,Test rápido de anticuerpos,,27,12,15,,,
10/28/2020,Test rápido de anticuerpos,,52,22,30,,,
11/6/2020,Test rápido de anticuerpos,,86,41,45,,,
11/12/2020,Test rápido de anticuerpos,,105,49,56,,,
11/18/2020,Test rápido de anticuerpos,,123,60,63,,,
11/25/2020,Test rápido de anticuerpos,,131,65,66,,,
12/2/2020,Test rápido de anticuerpos,,144,70,74,,,
12/9/2020,Test rápido de anticuerpos,,152,78,74,,,
12/16/2020,Test rápido de anticuerpos,,174,88,86,,,
12/22/2020,Test rápido de anticuerpos,,192,97,95,,,
12/29/2020,Test rápido de anticuerpos,,189,94,95,,,
3/2/2020,Tos,,16,,,,,
3/9/2020,Tos,,76,,,,,
3/16/2020,Tos,,240,,,,,
3/25/2020,Tos,,1471,764,707,"0,036",,
4/1/2020,Tos,,4772,2351,2411,"0,174",,
4/6/2020,Tos,,6590,3307,3275,"0,828",,
4/16/2020,Tos,10828,8020,4072,3943,"<0,001",,
4/27/2020,Tos,56464,41938,21582,20352,"0,008",,
5/4/2020,Tos,60491,44360,23028,21332,"<0,001",,
5/11/2020,Tos,85302,58714,30875,27832,"<0,001",,
5/14/2020,Tos,86151,59309,31224,28078,"<0,001",,
5/21/2020,Tos,92806,63960,33796,30157,"<0,001",,
5/29/2020,Tos,,64281,33961,30314,"<0,001",,
4/27/2020,Una o más,121228,79820,40419,39396,"<0,001",,
5/4/2020,Una o más,129937,85136,43589,41547,"<0,001",,
5/11/2020,Una o más,147451,95301,49592,45119,"<0,001",,
5/14/2020,Una o más,150964,98129,50888,45927,"<0,001",,
5/21/2020,Una o más,159110,103440,53788,48340,"<0,001",,
5/29/2020,Una o más,,103573,53867,48401,"<0,001",,
3/25/2020,Una o más (Otros sintomas),,729,363,366,"0,558",,
4/6/2020,Una o más (Otros sintomas),,34953,16177,18771,"<0,001",,
4/16/2020,Una o más (Otros sintomas),81587,54083,26038,28038,"<0,001",,
4/1/2020,Ventilacion mecanica,,868,240,626,"<0,001",,
4/6/2020,Ventilacion mecanica,,1535,446,1089,"<0,001",,
4/27/2020,Ventilacion mecanica,53867,3969,1205,2763,"<0,001",,
5/4/2020,Ventilacion mecanica,58737,4277,1302,2975,"<0,001",,
5/11/2020,Ventilacion mecanica,69371,5350,1742,3608,"<0,001",,
5/14/2020,Ventilacion mecanica,70912,5408,1761,3647,"<0,001",,
5/21/2020,Ventilacion mecanica,77059,5781,1899,3882,"<0,001",,
5/29/2020,Ventilacion mecanica,,5809,1900,3909,"<0,001",,
3/2/2020,Vomitos,,0,,,,,
3/9/2020,Vomitos,,2,,,,,
3/16/2020,Vomitos,,19,,,,,
3/25/2020,Vomitos,,137,57,80,"0,026",,
4/1/2020,Vomitos,,480,286,192,"<0,001",,
4/6/2020,Vomitos,,703,422,280,"<0,001",,
4/16/2020,Vomitos,9276,862,529,332,"<0,001",,
4/27/2020,Vomitos,17188,1733,1079,654,"<0,001",,
5/4/2020,Vomitos,18496,1808,1129,679,"<0,001",,
5/11/2020,Vomitos,32929,2516,1606,910,"<0,001",,
5/14/2020,Vomitos,33565,2581,1654,927,"<0,001",,
5/21/2020,Vomitos,37903,3245,2104,1141,"<0,001",,
5/29/2020,Vomitos,,3297,2143,1154,"<0,001",,
,,,,,,,,
